CIF_id,Compound,Central atom,Coordination number,A atom count in CN,B atom count in CN,Volume of polyhedron,Distance from central atom to center of mass,Number of edges,Number of faces,Shortest distance to center of any face,Shortest distance to center of any edge,Volume of the inscribed sphere,Packing efficiency of inscribed sphere in polyhedron
250022,Nb0.25Re0.75,Nb1,12,6,6,17.1452,0.638,12,8,1.2399,1.266,7.9849,0.4657
250022,Nb0.25Re0.75,Re1,12,6,6,17.1452,0.638,12,8,1.2399,1.266,7.985,0.4657
250022,Nb0.25Re0.75,Re4,9,6,3,16.1049,1.2344,12,8,0.5269,0.868,0.6128,0.038
250065,Mo3Os,Mo1,14,10,4,63.9856,0.0,36,24,2.2309,2.2405,46.5073,0.7268
250065,Mo3Os,Os1,12,12,0,53.7479,0.0,30,20,2.1526,2.3251,41.7801,0.7773
250101,TmAl3,Al1,12,4,8,61.74,0.0,30,20,2.2136,2.1,45.434,0.7359
250101,TmAl3,Tm1,12,0,12,61.74,0.0,30,20,2.2136,2.1,45.434,0.7359
250125,MoCo3,Co1,10,2,8,11.7376,0.0,12,8,1.0966,0.7404,5.5234,0.265
250125,MoCo3,Mo1,12,0,12,11.7383,0.0,30,20,1.0966,0.7405,5.5238,0.4706
250186,Mo0.25Pt0.75,Mo1,16,6,10,39.7486,0.2752,24,16,1.5919,1.3838,16.899,0.4252
250186,Mo0.25Pt0.75,Pt1,16,6,10,39.7486,0.2752,24,16,1.5919,1.3838,16.899,0.4252
250191,Mo3Pt,Mo1,14,10,4,64.5977,0.0,36,24,2.238,2.2476,46.9522,0.7268
250191,Mo3Pt,Pt1,12,12,0,54.262,0.0,30,20,2.1594,2.3324,42.1797,0.7773
250223,Nb0.25Ru0.75,Nb1,12,6,6,14.4674,0.0,12,8,1.1758,0.7938,6.8084,0.2862
250223,Nb0.25Ru0.75,Ru1,12,6,6,14.4674,0.0,12,8,1.1758,0.7938,6.8084,0.2862
250225,MoNi3,Mo1,12,0,12,39.643,0.0519,30,20,1.8813,1.7869,27.8904,0.7035
250225,MoNi3,Ni1,12,4,8,39.643,0.0519,30,20,1.8813,1.7869,27.8904,0.7035
250225,MoNi3,Ni2,12,4,8,39.643,0.0519,30,20,1.8813,1.7869,27.8904,0.7035
250236,Nb3Sn,Nb1,14,10,4,77.102,0.0,36,24,2.3739,2.3842,56.0408,0.7268
250236,Nb3Sn,Sn1,12,12,0,64.7657,0.0,30,20,2.2906,2.4742,50.3446,0.7773
250328,LaPd3,La1,12,0,12,63.3054,0.0,12,8,2.2321,2.1176,46.586,0.6046
250328,LaPd3,Pd1,12,4,8,63.3054,0.0,30,20,2.2321,2.1176,46.586,0.7359
250329,CePd3,Ce1,12,0,12,58.6104,0.0,12,8,2.1755,2.0639,43.131,0.6046
250329,CePd3,Pd1,12,4,8,58.6104,0.0,30,20,2.1755,2.0639,43.131,0.7359
250330,PrPd3,Pd1,12,4,8,59.0588,0.0,30,20,2.1811,2.0692,43.461,0.7359
250330,PrPd3,Pr1,12,0,12,59.0588,0.0,12,8,2.1811,2.0692,43.461,0.6046
250331,NdPd3,Nd1,12,0,12,58.5508,0.0,12,8,2.1748,2.0632,43.0871,0.6046
250331,NdPd3,Pd1,12,4,8,58.5508,0.0,30,20,2.1748,2.0632,43.0871,0.7359
250332,SmPd3,Pd1,12,4,8,57.6572,0.0,30,20,2.1637,2.0526,42.4295,0.7359
250332,SmPd3,Sm1,12,0,12,57.6572,0.0,12,8,2.1637,2.0526,42.4295,0.6046
250333,EuPd3,Eu1,12,0,12,57.2327,0.0,12,8,2.1584,2.0476,42.1171,0.6046
250333,EuPd3,Pd1,12,4,8,57.2327,0.0,30,20,2.1584,2.0476,42.1171,0.7359
250334,GdPd3,Gd1,12,0,12,57.174,0.0,12,8,2.1576,2.0469,42.074,0.6046
250334,GdPd3,Pd1,12,4,8,57.174,0.0,30,20,2.1576,2.0469,42.074,0.7359
250335,TbPd3,Pd1,12,4,8,56.4855,0.0,30,20,2.1489,2.0386,41.5673,0.7359
250335,TbPd3,Tb1,12,0,12,56.4855,0.0,12,8,2.1489,2.0386,41.5673,0.6046
250336,DyPd3,Dy1,12,0,12,56.1164,0.0,12,8,2.1442,2.0342,41.2957,0.6046
250336,DyPd3,Pd1,12,4,8,56.1164,0.0,30,20,2.1442,2.0342,41.2957,0.7359
250337,HoPd3,Ho1,12,0,12,55.852,0.0,12,8,2.1409,2.031,41.1011,0.6046
250337,HoPd3,Pd1,12,4,8,55.852,0.0,30,20,2.1409,2.031,41.1011,0.7359
250338,ErPd3,Er1,12,0,12,55.5308,0.0,12,8,2.1368,2.0271,40.8648,0.6046
250338,ErPd3,Pd1,12,4,8,55.5308,0.0,30,20,2.1368,2.0271,40.8648,0.7359
250339,YbPd3,Pd1,12,4,8,54.9412,0.0,30,20,2.1292,2.0199,40.4309,0.7359
250339,YbPd3,Yb1,12,0,12,54.9412,0.0,12,8,2.1292,2.0199,40.4309,0.6046
250340,LuPd3,Lu1,12,0,12,54.7782,0.0,12,8,2.127,2.0179,40.3109,0.6046
250340,LuPd3,Pd1,12,4,8,54.7782,0.0,30,20,2.127,2.0179,40.3109,0.7359
250363,LaSn3,La1,12,0,12,90.4086,0.0,12,8,2.5137,2.3847,66.5311,0.6046
250363,LaSn3,Sn1,12,4,8,90.4086,0.0,30,20,2.5137,2.3847,66.5311,0.7359
250364,CeSn3,Ce1,12,0,12,87.7064,0.0,12,8,2.4884,2.3607,64.5425,0.6046
250364,CeSn3,Sn1,12,4,8,87.7064,0.0,30,20,2.4884,2.3607,64.5425,0.7359
250365,PrSn3,Pr1,12,0,12,87.4002,0.0,12,8,2.4855,2.358,64.3172,0.6046
250365,PrSn3,Sn1,12,4,8,87.4002,0.0,30,20,2.4855,2.358,64.3172,0.7359
250366,NdSn3,Nd1,12,0,12,86.8509,0.0,12,8,2.4803,2.353,63.913,0.6046
250366,NdSn3,Sn1,12,4,8,86.8509,0.0,30,20,2.4803,2.353,63.913,0.7359
250367,SmSn3,Sm1,12,0,12,85.7813,0.0,12,8,2.47,2.3433,63.1258,0.6046
250367,SmSn3,Sn1,12,4,8,85.7813,0.0,30,20,2.47,2.3433,63.1258,0.7359
250368,EuSn3,Eu1,12,0,12,89.0,0.0,12,8,2.5006,2.3723,65.4945,0.6046
250368,EuSn3,Sn1,12,4,8,89.0,0.0,30,20,2.5006,2.3723,65.4945,0.7359
250369,GdSn3,Gd1,12,0,12,85.2825,0.0,12,8,2.4653,2.3388,62.7588,0.6046
250369,GdSn3,Sn1,12,4,8,85.2825,0.0,30,20,2.4653,2.3388,62.7588,0.7359
250370,YbSn3,Sn1,12,4,8,85.496,0.0,30,20,2.4673,2.3407,62.9159,0.7359
250370,YbSn3,Yb1,12,0,12,85.496,0.0,12,8,2.4673,2.3407,62.9159,0.6046
250372,YIn3,In1,12,4,8,80.77,0.0,30,20,2.421,2.2968,59.438,0.7359
250372,YIn3,Y1,12,0,12,80.77,0.0,30,20,2.421,2.2968,59.438,0.7359
250373,LaIn3,In1,12,4,8,88.4384,0.0,30,20,2.4953,2.3672,65.0812,0.7359
250373,LaIn3,La1,12,0,12,88.4384,0.0,12,8,2.4953,2.3672,65.0812,0.6046
250374,CeIn3,Ce1,12,0,12,85.9296,0.0,30,20,2.4715,2.3446,63.235,0.7359
250374,CeIn3,In1,12,4,8,85.9296,0.0,30,20,2.4715,2.3446,63.235,0.7359
250375,PrIn3,In1,12,4,8,84.9602,0.0,30,20,2.4622,2.3358,62.5216,0.7359
250375,PrIn3,Pr1,12,0,12,84.9602,0.0,30,20,2.4622,2.3358,62.5216,0.7359
250376,NdIn3,In1,12,4,8,84.0794,0.0,30,20,2.4536,2.3277,61.8735,0.7359
250376,NdIn3,Nd1,12,0,12,84.0794,0.0,30,20,2.4536,2.3277,61.8735,0.7359
250377,SmIn3,In1,12,4,8,82.4912,0.0,30,20,2.4381,2.313,60.7047,0.7359
250377,SmIn3,Sm1,12,0,12,82.4912,0.0,30,20,2.4381,2.313,60.7047,0.7359
250378,GdIn3,Gd1,12,0,12,81.463,0.0,12,8,2.4279,2.3033,59.948,0.6046
250378,GdIn3,In1,12,4,8,81.463,0.0,30,20,2.4279,2.3033,59.948,0.7359
250379,TbIn3,In1,12,4,8,80.5697,0.0,30,20,2.419,2.2948,59.2907,0.7359
250379,TbIn3,Tb1,12,0,12,80.5697,0.0,30,20,2.419,2.2948,59.2907,0.7359
250380,DyIn3,Dy1,12,0,12,80.0127,0.0,30,20,2.4134,2.2896,58.8808,0.7359
250380,DyIn3,In1,12,4,8,80.0127,0.0,30,20,2.4134,2.2896,58.8808,0.7359
250381,HoIn3,Ho1,12,0,12,79.7039,0.0,30,20,2.4103,2.2866,58.6535,0.7359
250381,HoIn3,In1,12,4,8,79.7039,0.0,30,20,2.4103,2.2866,58.6535,0.7359
250382,ErIn3,Er1,12,0,12,79.2446,0.0,30,20,2.4056,2.2822,58.3156,0.7359
250382,ErIn3,In1,12,4,8,79.2446,0.0,30,20,2.4056,2.2822,58.3156,0.7359
250383,TmIn3,In1,12,4,8,78.9325,0.0,30,20,2.4025,2.2792,58.0859,0.7359
250383,TmIn3,Tm1,12,0,12,78.9325,0.0,30,20,2.4025,2.2792,58.0859,0.7359
250384,YbIn3,In1,12,4,8,81.8881,0.0,30,20,2.4321,2.3073,60.2609,0.7359
250384,YbIn3,Yb1,12,0,12,81.8881,0.0,12,8,2.4321,2.3073,60.2609,0.6046
250385,LuIn3,In1,12,4,8,78.6316,0.0,30,20,2.3994,2.2763,57.8645,0.7359
250385,LuIn3,Lu1,12,0,12,78.6316,0.0,30,20,2.3994,2.2763,57.8645,0.7359
250390,Mo3Os,Mo1,14,10,4,63.9123,0.0,36,24,2.23,2.2396,46.454,0.7268
250390,Mo3Os,Os1,12,12,0,53.6863,0.0,30,20,2.1518,2.3242,41.7322,0.7773
250394,YCo3,Co1,12,5,7,51.21,0.0443,30,20,2.045,2.0228,35.8225,0.6995
250394,YCo3,Co2,12,3,9,47.8238,0.008,30,20,1.9756,2.1429,32.2987,0.6754
250394,YCo3,Co3,12,6,6,51.7156,0.0001,30,20,2.0437,2.1687,35.7576,0.6914
250394,YCo3,Y1,16,4,12,79.4434,0.0948,42,28,2.4755,2.5997,63.5478,0.7999
250394,YCo3,Y2,6,0,6,0.1882,0.0001,12,8,0.0063,1.4491,0.0,0.0
250399,V3Ga,Ga1,12,12,0,48.8847,0.0,30,20,2.0856,2.2527,37.9997,0.7773
250399,V3Ga,V1,14,10,4,58.196,0.0,36,24,2.1615,2.1708,42.2992,0.7268
250404,NdAl3,Al1,10,2,8,20.8857,0.0,12,8,1.3239,0.9341,9.7204,0.4654
250404,NdAl3,Nd1,12,0,12,20.887,0.0,30,20,1.3239,0.9342,9.7207,0.4654
250410,GdAl3,Al1,10,2,8,19.8556,0.0,12,8,1.302,0.9122,9.2449,0.293
250410,GdAl3,Gd1,12,0,12,19.8568,0.0,30,20,1.302,0.9122,9.2456,0.4656
250411,Nd3Al,Al1,12,12,0,28.4215,0.0,30,20,1.47,1.0058,13.3049,0.4681
250411,Nd3Al,Nd1,10,8,2,28.4192,0.0,12,8,1.4699,1.0057,13.304,0.1915
250460,GdFe3,Fe1,12,5,7,55.049,0.045,30,20,2.1022,2.0508,38.9165,0.7069
250460,GdFe3,Fe2,12,3,9,51.4091,0.0083,30,20,2.0197,2.1762,34.5111,0.6713
250460,GdFe3,Fe3,12,6,6,55.5966,0.0,30,20,2.0722,2.2027,37.2731,0.6704
250460,GdFe3,Gd1,16,4,12,85.3947,0.096,42,28,2.5473,2.6646,69.2344,0.8108
250460,GdFe3,Gd2,6,0,6,0.2023,0.0001,12,8,0.0064,1.4922,0.0,0.0
250461,GdCo3,Co1,12,5,7,51.94,0.0446,30,20,2.0536,2.0354,36.2793,0.6985
250461,GdCo3,Co2,12,3,9,48.5059,0.0083,30,20,1.9854,2.1555,32.78,0.6758
250461,GdCo3,Co3,12,6,6,52.4533,0.0001,30,20,2.0565,2.1816,36.43,0.6945
250461,GdCo3,Gd1,16,4,12,80.5765,0.0954,42,28,2.4857,2.6119,64.3309,0.7984
250461,GdCo3,Gd2,6,0,6,0.1944,0.0,12,8,0.0066,1.4549,0.0,0.0
250462,GdNi3,Gd1,16,4,12,78.6723,0.0949,42,28,2.462,2.5907,62.5115,0.7946
250462,GdNi3,Gd2,6,0,6,0.1898,0.0,12,8,0.0066,1.4407,0.0,0.0
250462,GdNi3,Ni1,12,5,7,50.7152,0.0445,30,20,2.0348,2.027,35.2907,0.6959
250462,GdNi3,Ni2,12,3,9,47.3621,0.0082,30,20,1.9711,2.1452,32.0784,0.6773
250462,GdNi3,Ni3,11,5,6,43.5978,0.2678,27,18,1.2996,1.4382,9.1939,0.2109
250463,YFe3,Fe1,9,3,6,32.672,0.754,21,14,0.4946,1.2567,0.5069,0.0155
250463,YFe3,Fe2,9,2,7,32.3146,0.6586,21,14,1.0887,0.7409,5.4056,0.1673
250463,YFe3,Fe3,12,6,6,54.5133,0.0001,30,20,2.0605,2.1899,36.6441,0.6722
250463,YFe3,Y1,16,4,12,83.741,0.0956,42,28,2.5296,2.6471,67.8014,0.8097
250463,YFe3,Y2,6,0,6,0.1983,0.0001,12,8,0.0064,1.4817,0.0,0.0
250464,YCo3,Co1,12,5,7,51.0125,0.0444,30,20,2.0423,2.0205,35.6817,0.6995
250464,YCo3,Co2,12,3,9,47.6395,0.008,30,20,1.9731,2.1403,32.1761,0.6754
250464,YCo3,Co3,12,6,6,51.5199,0.0,30,20,2.0416,2.1663,35.643,0.6918
250464,YCo3,Y1,16,4,12,79.1331,0.0946,42,28,2.4723,2.5964,63.2974,0.7999
250464,YCo3,Y2,6,0,6,0.1874,0.0001,12,8,0.0063,1.4472,0.0,0.0
250465,YNi3,Ni1,12,5,7,50.5006,0.0445,30,20,2.0305,2.0284,35.0651,0.6944
250465,YNi3,Ni2,12,3,9,47.1617,0.0082,30,20,1.9692,2.146,31.9838,0.6782
250465,YNi3,Ni3,12,6,6,50.9997,0.0001,30,20,2.0494,2.172,36.0574,0.707
250465,YNi3,Y1,16,4,12,78.3394,0.095,42,28,2.4563,2.5868,62.0758,0.7924
250465,YNi3,Y2,6,0,6,0.1856,0.0001,12,8,0.0064,1.437,0.0,0.0
250468,SmIn3,In1,12,4,8,82.4965,0.0,30,20,2.4381,2.313,60.7086,0.7359
250468,SmIn3,Sm1,12,0,12,82.4965,0.0,30,20,2.4381,2.313,60.7086,0.7359
250469,YbIn3,In1,12,4,8,81.9094,0.0,30,20,2.4323,2.3075,60.2766,0.7359
250469,YbIn3,Yb1,12,0,12,81.9094,0.0,12,8,2.4323,2.3075,60.2766,0.6046
250476,EuPb3,Eu1,12,0,12,99.0648,0.0,30,20,2.5915,2.4585,72.9011,0.7359
250476,EuPb3,Pb1,12,4,8,99.0648,0.0,30,20,2.5915,2.4585,72.9011,0.7359
250477,YbPb3,Pb1,12,4,8,95.7775,0.0,30,20,2.5625,2.431,70.482,0.7359
250477,YbPb3,Yb1,12,0,12,95.7775,0.0,12,8,2.5625,2.431,70.482,0.6046
250502,YAl3,Al1,10,4,6,51.8838,0.2325,24,16,1.744,1.9184,22.2188,0.4282
250502,YAl3,Al2,12,4,8,65.01,0.0001,30,20,2.1938,2.1658,44.2245,0.6803
250502,YAl3,Y1,12,0,12,66.2989,0.1003,30,20,2.2002,2.0882,44.6167,0.673
250502,YAl3,Y2,12,0,12,68.4671,0.0001,30,20,2.2621,2.181,48.487,0.7082
250503,GdAl3,Al1,10,2,8,19.8556,0.0,12,8,1.302,0.9122,9.2449,0.293
250503,GdAl3,Gd1,12,0,12,19.8568,0.0,30,20,1.302,0.9122,9.2456,0.4656
250504,NdAl3,Al1,10,2,8,20.8857,0.0,12,8,1.3239,0.9341,9.7204,0.4654
250504,NdAl3,Nd1,12,0,12,20.887,0.0,30,20,1.3239,0.9342,9.7207,0.4654
250505,PrAl3,Al1,10,2,8,21.0836,0.0,12,8,1.3281,0.9387,9.8118,0.4654
250505,PrAl3,Pr1,12,0,12,21.0848,0.0,30,20,1.3281,0.9388,9.8125,0.4654
250506,CeAl3,Al1,10,2,8,21.3734,0.0,12,8,1.3342,0.9447,9.9472,0.4654
250506,CeAl3,Ce1,12,0,12,21.3747,0.0,30,20,1.3342,0.9447,9.9475,0.4654
250507,LaAl3,Al1,10,2,8,22.144,0.0,12,8,1.3501,0.9615,10.3089,0.2328
250507,LaAl3,La1,12,0,12,22.1457,0.0,30,20,1.3502,0.9616,10.3095,0.4655
250508,ErAl3,Al1,12,4,8,64.0165,0.0,30,20,2.2405,2.1255,47.1093,0.7359
250508,ErAl3,Er1,12,0,12,64.0165,0.0,12,8,2.2405,2.1255,47.1093,0.6046
250525,TiNi3,Ni1,16,4,12,39.083,0.1965,33,22,1.8986,1.8031,28.6691,0.7335
250525,TiNi3,Ni2,16,4,12,39.0832,0.0,30,20,1.8987,1.8031,28.6706,0.7336
250525,TiNi3,Ti1,18,0,18,39.0834,0.0,30,20,1.8986,1.8031,28.6699,0.7336
250525,TiNi3,Ti2,18,0,18,39.083,0.0,48,32,1.8987,1.8031,28.6703,0.7336
250527,LaPb3,La1,12,0,12,100.5225,0.0,30,20,2.6041,2.4705,73.9738,0.7359
250527,LaPb3,Pb1,12,4,8,100.5225,0.0,30,20,2.6041,2.4705,73.9738,0.7359
250530,NbNi3,Nb1,12,0,12,40.837,0.0533,30,20,1.8911,1.7963,28.3273,0.6937
250530,NbNi3,Ni1,12,4,8,40.837,0.0533,30,20,1.8911,1.7963,28.3273,0.6937
250530,NbNi3,Ni2,12,4,8,40.837,0.0533,30,20,1.8911,1.7963,28.3273,0.6937
250554,Y0.25Ce0.75,Ce1,12,6,6,34.4593,0.0,12,8,1.5704,1.0595,16.2224,0.4708
250554,Y0.25Ce0.75,Ce2,12,6,6,45.9457,0.0,12,8,1.7219,1.8351,21.3867,0.266
250554,Y0.25Ce0.75,Y1,12,6,6,34.4593,0.0,12,8,1.5704,1.0595,16.2224,0.2492
250554,Y0.25Ce0.75,Y2,12,6,6,45.9457,0.0,12,8,1.7219,1.8351,21.3867,0.4655
250561,WIr3,Ir1,10,2,8,14.3548,0.0,12,8,1.1723,0.7932,6.7488,0.4701
250561,WIr3,W1,12,0,12,14.356,0.0,30,20,1.1723,0.7933,6.7492,0.4701
250562,WRh3,Rh1,10,2,8,14.0023,0.0,12,8,1.1626,0.787,6.5817,0.47
250562,WRh3,W1,12,0,12,14.0034,0.0,30,20,1.1626,0.7871,6.582,0.47
250563,MoIr3,Ir1,10,2,8,14.2915,0.0,12,8,1.1706,0.792,6.7196,0.4702
250563,MoIr3,Mo1,12,0,12,14.2927,0.0,30,20,1.1706,0.792,6.72,0.4702
250564,MoRh3,Mo1,12,0,12,14.0188,0.0,30,20,1.163,0.7875,6.5887,0.47
250564,MoRh3,Rh1,10,2,8,14.0177,0.0,12,8,1.163,0.7875,6.5883,0.47
250628,Nb0.75Co2.25,Co1,18,6,12,43.069,0.0228,30,20,1.9593,2.0235,31.5046,0.7315
250628,Nb0.75Co2.25,Co2,18,6,12,43.0798,0.0,30,20,1.9352,2.0524,30.3568,0.7047
250628,Nb0.75Co2.25,Co3,18,6,12,43.1971,0.0028,30,20,1.9294,2.0504,30.0853,0.6965
250628,Nb0.75Co2.25,Co4,12,0,12,36.1593,0.007,30,20,1.6476,1.4537,18.7346,0.4341
250628,Nb0.75Co2.25,Co5,12,0,12,35.9548,0.0033,30,20,1.6459,1.4506,18.6757,0.4345
250628,Nb0.75Co2.25,Nb1,12,0,12,36.1593,0.007,30,20,1.6476,1.4537,18.7345,0.3295
250628,Nb0.75Co2.25,Nb2,12,0,12,35.9548,0.0033,30,20,1.6459,1.4506,18.6757,0.3321
250646,TmPt3,Pt1,12,4,8,55.1128,0.0,30,20,2.1314,2.022,40.5571,0.7359
250646,TmPt3,Tm1,12,0,12,55.1128,0.0,12,8,2.1314,2.022,40.5571,0.6046
250647,YbPt3,Pt1,12,4,8,54.6236,0.0,30,20,2.125,2.016,40.1971,0.7359
250647,YbPt3,Yb1,12,0,12,54.6236,0.0,12,8,2.125,2.016,40.1971,0.6046
250648,LuPt3,Lu1,12,0,12,54.5424,0.0,12,8,2.124,2.015,40.1373,0.6046
250648,LuPt3,Pt1,12,4,8,54.5424,0.0,30,20,2.124,2.015,40.1373,0.7359
250649,ScPt3,Pt1,12,4,8,51.5144,0.0,30,20,2.0839,1.977,37.9091,0.7359
250649,ScPt3,Sc1,12,0,12,51.5144,0.0,12,8,2.0839,1.977,37.9091,0.6046
250650,CePd3,Ce1,12,0,12,58.6189,0.0,12,8,2.1756,2.064,43.1372,0.6046
250650,CePd3,Pd1,12,4,8,58.6189,0.0,30,20,2.1756,2.064,43.1372,0.7359
250651,GdPd3,Gd1,12,0,12,57.1405,0.0,12,8,2.1572,2.0465,42.0493,0.6046
250651,GdPd3,Pd1,12,4,8,57.1405,0.0,30,20,2.1572,2.0465,42.0493,0.7359
250652,Pd3Sn,Pd1,12,8,4,52.3396,0.0,30,20,2.095,1.9875,38.5163,0.7359
250652,Pd3Sn,Sn1,12,12,0,52.3396,0.0,12,8,2.095,1.9875,38.5163,0.6046
250653,YbPd3,Pd1,12,4,8,54.6642,0.0,30,20,2.1256,2.0165,40.227,0.7359
250653,YbPd3,Yb1,12,0,12,54.6642,0.0,12,8,2.1256,2.0165,40.227,0.6046
250654,YbIn3,In1,12,4,8,81.803,0.0,30,20,2.4313,2.3065,60.1982,0.7359
250654,YbIn3,Yb1,12,0,12,81.803,0.0,12,8,2.4313,2.3065,60.1982,0.6046
250668,La3Co,Co1,11,9,2,80.1847,0.6489,27,18,2.1979,2.1193,44.4772,0.3111
250668,La3Co,La1,13,10,3,115.4386,0.2631,33,22,2.0862,2.4771,38.0321,0.2019
250668,La3Co,La2,15,12,3,139.5234,0.1289,39,26,2.7122,2.7107,83.5696,0.599
250679,EuPb3,Eu1,12,0,12,98.944,0.0,30,20,2.5904,2.4575,72.8122,0.7359
250679,EuPb3,Pb1,12,4,8,98.944,0.0,30,20,2.5904,2.4575,72.8122,0.7359
250693,CePd3,Ce1,12,0,12,57.9399,0.0,12,8,2.1672,2.056,42.6376,0.6046
250693,CePd3,Pd1,12,4,8,57.9399,0.0,30,20,2.1672,2.056,42.6376,0.7359
250717,TbAl3,Al1,12,4,8,64.762,0.1761,30,20,2.0713,1.963,37.2239,0.5748
250717,TbAl3,Al2,12,4,8,64.4033,0.0,30,20,2.195,2.1576,44.3008,0.6879
250717,TbAl3,Tb1,12,0,12,66.0643,0.0884,30,20,2.2035,2.0933,44.8174,0.6784
250717,TbAl3,Tb2,12,0,12,66.5663,0.0001,30,20,2.2384,2.1597,46.98,0.7058
250718,GdAl3,Al1,10,2,8,19.9595,0.0,12,8,1.3042,0.9138,9.2932,0.293
250718,GdAl3,Gd1,12,0,12,19.9607,0.0,30,20,1.3043,0.9138,9.294,0.4656
250733,Ta0.25Ni0.75,Ta1,17,9,8,28.5519,0.3711,21,14,1.2193,1.2941,7.5937,0.266
250735,NbNi3,Nb1,12,0,12,40.4092,0.0493,30,20,1.8835,1.8229,27.9896,0.6926
250735,NbNi3,Ni1,12,4,8,40.4092,0.0493,30,20,1.8835,1.8229,27.9896,0.6926
250735,NbNi3,Ni2,12,4,8,40.4092,0.0493,30,20,1.8835,1.8229,27.9898,0.6927
250737,TaNi3,Ni1,12,4,8,40.8707,0.0494,30,20,1.89,1.8299,28.2809,0.692
250737,TaNi3,Ni2,12,4,8,40.8707,0.0494,30,20,1.89,1.8299,28.2809,0.692
250737,TaNi3,Ta1,12,0,12,40.8707,0.0494,30,20,1.89,1.8299,28.2807,0.692
250740,VIr3,Ir1,12,4,8,46.1758,0.0,30,20,2.0093,1.9062,33.9804,0.7359
250740,VIr3,V1,12,0,12,46.1758,0.0,30,20,2.0093,1.9062,33.9804,0.7359
250742,V3Ir,Ir1,12,12,0,47.9619,0.0,30,20,2.0724,2.2384,37.2824,0.7773
250742,V3Ir,V1,14,10,4,57.0975,0.0,36,24,2.1478,2.157,41.5007,0.7268
250751,Au3Gd,Au1,12,4,8,65.7156,0.0584,30,20,2.2192,2.1447,45.7787,0.6966
250751,Au3Gd,Au2,12,4,8,65.7156,0.0584,30,20,2.2192,2.1447,45.7787,0.6966
250751,Au3Gd,Gd1,12,0,12,65.7156,0.0584,30,20,2.2192,2.1447,45.7784,0.6966
250752,Au3Dy,Au1,12,4,8,64.2611,0.058,30,20,2.2073,2.129,45.0504,0.701
250752,Au3Dy,Au2,12,4,8,64.2611,0.058,30,20,2.2073,2.129,45.0504,0.701
250752,Au3Dy,Dy1,12,0,12,64.2611,0.058,30,20,2.2073,2.129,45.0502,0.701
250753,Au3Ho,Au1,12,4,8,63.5415,0.0579,30,20,2.2015,2.1196,44.6925,0.7034
250753,Au3Ho,Au2,12,4,8,63.5415,0.0579,30,20,2.2015,2.1196,44.6925,0.7034
250753,Au3Ho,Ho1,12,0,12,63.5415,0.0579,30,20,2.2015,2.1196,44.6922,0.7034
250754,Au3Er,Au1,12,4,8,63.1436,0.0577,30,20,2.1961,2.1148,44.3641,0.7026
250754,Au3Er,Au2,12,4,8,63.1436,0.0577,30,20,2.1961,2.1148,44.3641,0.7026
250754,Au3Er,Er1,12,0,12,63.1436,0.0577,30,20,2.1961,2.1148,44.3638,0.7026
250755,Au3Yb,Au1,12,4,8,62.2698,0.0574,30,20,2.1859,2.1044,43.7506,0.7026
250755,Au3Yb,Au2,12,4,8,62.2698,0.0574,30,20,2.1859,2.1044,43.7506,0.6305
250755,Au3Yb,Yb1,12,0,12,62.2698,0.0574,30,20,2.1859,2.1044,43.7503,0.7026
250763,Sm3Co,Co1,9,9,0,56.0408,0.2311,21,14,1.854,2.0461,26.6959,0.3056
250763,Sm3Co,Sm1,14,11,3,114.1295,0.1438,36,24,2.5708,2.543,71.1674,0.6236
250763,Sm3Co,Sm2,15,12,3,125.9518,0.1244,39,26,2.6359,2.6205,76.7186,0.6091
250765,SmCo3,Co1,12,5,7,52.2275,0.0447,30,20,2.0576,2.0385,36.4902,0.6987
250765,SmCo3,Co2,12,3,9,48.774,0.008,30,20,1.9891,2.1592,32.9633,0.6758
250765,SmCo3,Co3,12,6,6,52.7468,0.0,30,20,2.0599,2.1854,36.6125,0.6941
250765,SmCo3,Sm1,16,4,12,81.0168,0.0954,42,28,2.4906,2.6167,64.713,0.7988
250765,SmCo3,Sm2,6,0,6,0.1955,0.0,12,8,0.0066,1.4578,0.0,0.0
250804,La0.75Pt2.25,La1,12,0,12,55.2018,0.0,30,20,1.904,1.6723,28.9122,0.3764
250804,La0.75Pt2.25,Pt1,18,6,12,66.0022,0.0,30,20,2.2297,2.365,46.4343,0.7035
250804,La0.75Pt2.25,Pt2,12,0,12,55.2018,0.0,30,20,1.904,1.6723,28.9122,0.33
250805,Pr0.75Pt2.25,Pr1,12,0,12,53.5043,0.0,30,20,1.8843,1.655,28.0231,0.33
250805,Pr0.75Pt2.25,Pt1,18,6,12,63.9725,0.0,30,20,2.2066,2.3405,45.007,0.7035
250805,Pr0.75Pt2.25,Pt2,12,0,12,53.5043,0.0,30,20,1.8843,1.655,28.0231,0.3764
250806,Nd0.75Pt2.25,Nd1,12,0,12,53.0228,0.0,30,20,1.8786,1.65,27.7709,0.5238
250806,Nd0.75Pt2.25,Pt1,18,6,12,63.3968,0.0,30,20,2.2,2.3334,44.602,0.7035
250806,Nd0.75Pt2.25,Pt2,12,0,12,53.0228,0.0,30,20,1.8786,1.65,27.7709,0.33
250807,Eu0.75Pt2.25,Eu1,12,0,12,55.159,0.0,30,20,1.9035,1.6719,28.8897,0.438
250807,Eu0.75Pt2.25,Pt1,18,6,12,65.9509,0.0,30,20,2.2292,2.3644,46.3989,0.7035
250807,Eu0.75Pt2.25,Pt2,12,0,12,55.159,0.0,30,20,1.9035,1.6719,28.8897,0.438
250808,Gd0.75Pt2.25,Gd1,12,0,12,52.1097,0.0,30,20,1.8678,1.6405,27.2926,0.438
250808,Gd0.75Pt2.25,Pt1,18,6,12,62.3051,0.0,30,20,2.1873,2.32,43.8339,0.7035
250808,Gd0.75Pt2.25,Pt2,12,0,12,52.1097,0.0,30,20,1.8678,1.6405,27.2926,0.5238
250809,DyPt3,Dy1,12,0,12,56.2779,0.0,12,8,2.1463,2.0362,41.4145,0.6046
250809,DyPt3,Pt1,12,4,8,56.2779,0.0,30,20,2.1463,2.0362,41.4145,0.7359
250810,TbPt3,Pt1,12,4,8,56.6977,0.0,30,20,2.1516,2.0412,41.7234,0.7359
250810,TbPt3,Tb1,12,0,12,56.6977,0.0,12,8,2.1516,2.0412,41.7234,0.6046
250811,Ce0.75Pt2.25,Ce1,12,0,12,53.9465,0.0,30,20,1.8894,1.6595,28.2547,0.33
250811,Ce0.75Pt2.25,Pt1,18,6,12,64.5012,0.0,30,20,2.2127,2.3469,45.379,0.7035
250811,Ce0.75Pt2.25,Pt2,12,0,12,53.9465,0.0,30,20,1.8894,1.6595,28.2547,0.33
250891,LaPd3,La1,12,0,12,63.256,0.0,12,8,2.2316,2.117,46.5497,0.6046
250891,LaPd3,Pd1,12,4,8,63.256,0.0,30,20,2.2316,2.117,46.5497,0.7359
250892,CePd3,Ce1,12,0,12,58.6104,0.0,12,8,2.1755,2.0639,43.131,0.6046
250892,CePd3,Pd1,12,4,8,58.6104,0.0,30,20,2.1755,2.0639,43.131,0.7359
250893,PrPd3,Pd1,12,4,8,59.1873,0.0,30,20,2.1827,2.0706,43.5555,0.7359
250893,PrPd3,Pr1,12,0,12,59.1873,0.0,12,8,2.1827,2.0706,43.5555,0.6046
250894,YPd3,Pd1,12,4,8,56.1909,0.0,30,20,2.1452,2.0351,41.3505,0.7359
250894,YPd3,Y1,12,0,12,56.1909,0.0,12,8,2.1452,2.0351,41.3505,0.6046
250907,Ce0.25Tb0.75,Ce1,12,6,6,32.8248,0.0,12,8,1.5439,1.0474,15.4156,0.4696
250907,Ce0.25Tb0.75,Tb1,12,6,6,32.8248,0.0,12,8,1.5439,1.0474,15.4156,0.4696
250910,Pr0.25Tb0.75,Pr1,12,6,6,32.7923,0.0,12,8,1.5434,1.0472,15.3991,0.4696
250910,Pr0.25Tb0.75,Tb1,12,6,6,32.7923,0.0,12,8,1.5434,1.0472,15.3991,0.4696
250920,HoFe3,Fe1,12,5,7,52.6312,0.0445,30,20,2.0687,2.0269,37.0826,0.7046
250920,HoFe3,Fe2,12,3,9,49.1515,0.0082,30,20,1.9909,2.1497,33.0552,0.6725
250920,HoFe3,Fe3,12,6,6,53.1514,0.0001,30,20,2.0479,2.1757,35.9778,0.6769
250920,HoFe3,Ho1,16,4,12,81.6489,0.095,42,28,2.5058,2.6245,65.9102,0.8072
250920,HoFe3,Ho2,6,0,6,0.1934,0.0001,12,8,0.0064,1.4676,0.0,0.0
250931,YbPd3,Pd1,12,4,8,55.0719,0.0,30,20,2.1308,2.0215,40.527,0.7359
250931,YbPd3,Yb1,12,0,12,55.0719,0.0,12,8,2.1308,2.0215,40.527,0.6046
250934,Pd3Sn,Pd1,12,8,4,52.4582,0.0,30,20,2.0966,1.989,38.6036,0.7359
250934,Pd3Sn,Sn1,12,12,0,52.4582,0.0,12,8,2.0966,1.989,38.6036,0.6046
250959,Pd0.75In0.25,In1,7,3,4,5.2418,0.0,6,4,0.9275,0.0,3.3418,0.592
250959,Pd0.75In0.25,Pd1,7,3,4,5.2418,0.0,6,4,0.9275,0.0,3.3418,0.592
250962,Pt3Sn,Pt1,12,8,4,53.3533,0.0,30,20,2.1084,2.0002,39.2624,0.7359
250962,Pt3Sn,Sn1,12,12,0,53.3533,0.0,12,8,2.1084,2.0002,39.2624,0.6046
250963,Pt3In,In1,12,12,0,53.014,0.0,12,8,2.104,1.996,39.0126,0.6046
250963,Pt3In,Pt1,12,8,4,53.014,0.0,30,20,2.104,1.996,39.0126,0.7359
250966,Pd3.25In9.75,In1,15,3,12,70.7695,0.2172,36,24,2.0635,2.1281,36.8035,0.52
250966,Pd3.25In9.75,In2,15,4,11,62.1813,0.1415,33,22,2.212,2.2529,45.3385,0.7291
250966,Pd3.25In9.75,In3,15,6,9,50.7795,0.214,30,20,1.9046,2.1436,28.9397,0.5699
250966,Pd3.25In9.75,Pd1,15,6,9,50.7795,0.214,30,20,1.9046,2.1436,28.9401,0.5699
250966,Pd3.25In9.75,Pd2,15,3,12,51.5704,0.2032,30,20,1.8518,2.0968,26.598,0.5158
250977,ErNi3,Er1,16,4,12,76.4911,0.0941,42,28,2.4378,2.5664,60.6825,0.7933
250977,ErNi3,Er2,6,0,6,0.1812,0.0001,12,8,0.0063,1.4263,0.0,0.0
250977,ErNi3,Ni1,12,5,7,49.31,0.0441,30,20,2.015,2.0105,34.2701,0.695
250977,ErNi3,Ni2,12,3,9,46.0494,0.0081,30,20,1.9532,2.1273,31.2123,0.6778
250977,ErNi3,Ni3,12,6,6,49.7968,0.0001,30,20,2.0314,2.1532,35.1108,0.7051
