n,theta,r,t,toughness
6,0,1.5,0.7,1.14466667
6,0,1.5,1.05,1.60756105
6,0,1.5,1.4,1.144337785
6,0,1.7,0.7,3.64273758
6,0,1.7,1.05,3.748405035
6,0,1.7,1.4,2.661723075
6,0,1.9,0.7,5.62889179
6,0,1.9,1.05,6.545940435
6,0,1.9,1.4,5.13711498
6,0,2.1,0.7,6.113001335
6,0,2.1,1.05,7.63448638
6,0,2.1,1.4,2.06551135
6,0,2.3,0.7,22.63629481
6,0,2.3,1.05,11.98794863
6,0,2.3,1.4,2.18745377
6,0,2.5,0.7,27.27353061
6,0,2.5,1.05,27.71493771
6,0,2.5,1.4,1.724510655
6,25,1.6,0.7,1.321202445
6,25,1.6,1.05,1.901228995
6,25,1.6,1.4,1.464165225
6,25,1.8,0.7,2.77622403
6,25,1.8,1.05,2.725128695
6,25,1.8,1.4,3.181724645
6,25,2,0.7,4.561826505
6,25,2,1.05,4.80682388
6,25,2,1.4,5.21743359
6,25,2.2,0.7,5.9481448
6,25,2.2,1.05,10.57081004
6,25,2.2,1.4,7.91761853
6,25,2.4,0.7,9.40534553
6,25,2.4,1.05,25.05585347
6,25,2.4,1.4,2.401968915
6,50,1.5,0.7,0.911408525
6,50,1.5,1.05,0.80713156
6,50,1.5,1.4,0.600585055
6,50,1.7,0.7,1.280064085
6,50,1.7,1.05,1.856575375
6,50,1.7,1.4,1.22887476
6,50,1.9,0.7,1.670555225
6,50,1.9,1.05,1.733336745
6,50,1.9,1.4,3.17129197
6,50,2.1,0.7,16.00978343
6,50,2.1,1.05,4.159978755
6,50,2.1,1.4,4.324624925
6,50,2.3,0.7,3.208368345
6,50,2.3,1.05,8.36155203
6,50,2.3,1.4,10.26593447
6,50,2.5,0.7,6.389414035
6,50,2.5,1.05,23.65177359
6,50,2.5,1.4,8.263866695
6,75,1.6,0.7,0.56218211
6,75,1.6,1.05,0.62222879
6,75,1.6,1.4,1.129298705
6,75,1.8,0.7,0.49796538
6,75,1.8,1.05,0.955209465
6,75,1.8,1.4,1.307267365
6,75,2,0.7,0.70437207
6,75,2,1.05,1.844288285
6,75,2,1.4,14.5440842
6,75,2.2,0.7,2.28417177
6,75,2.2,1.05,13.167347
6,75,2.2,1.4,1.245206375
6,75,2.4,0.7,2.414646575
6,75,2.4,1.05,4.68270893
6,75,2.4,1.4,17.76211779
6,100,1.5,0.7,1.761419435
6,100,1.5,1.05,2.038989845
6,100,1.5,1.4,1.74145084
6,100,1.7,0.7,2.42913609
6,100,1.7,1.05,2.639451635
6,100,1.7,1.4,1.83067924
6,100,1.9,0.7,2.248745235
6,100,1.9,1.05,1.874484205
6,100,1.9,1.4,13.84331533
6,100,2.1,0.7,16.77800679
6,100,2.1,1.05,14.0173637
6,100,2.1,1.4,13.71482183
6,100,2.3,0.7,19.72634797
6,100,2.3,1.05,18.3145061
6,100,2.3,1.4,17.49456493
6,100,2.5,0.7,20.8723812
6,100,2.5,1.05,19.19430635
6,100,2.5,1.4,23.2304953
6,125,1.6,0.7,1.4166949
6,125,1.6,1.05,1.25473141
6,125,1.6,1.4,1.077183595
6,125,1.8,0.7,0.92180845
6,125,1.8,1.05,19.82673045
6,125,1.8,1.4,13.35430999
6,125,2,0.7,0.93520637
6,125,2,1.05,17.48321147
6,125,2,1.4,18.91401758
6,125,2.2,0.7,16.74357002
6,125,2.2,1.05,14.11770208
6,125,2.2,1.4,20.73650342
6,125,2.4,0.7,24.20558826
6,125,2.4,1.05,18.50428299
6,125,2.4,1.4,11.64011261
6,150,1.5,0.7,0.9721676
6,150,1.5,1.05,0.73339565
6,150,1.5,1.4,1.241250395
6,150,1.7,0.7,13.11436394
6,150,1.7,1.05,1.247425855
6,150,1.7,1.4,16.19996728
6,150,1.9,0.7,1.27661952
6,150,1.9,1.05,15.55778051
6,150,1.9,1.4,19.00199987
6,150,2.1,0.7,16.41042719
6,150,2.1,1.05,18.51288508
6,150,2.1,1.4,17.18467533
6,150,2.3,0.7,18.49939449
6,150,2.3,1.05,19.91431001
6,150,2.3,1.4,18.03172451
6,150,2.5,0.7,20.95858163
6,150,2.5,1.05,18.51341047
6,150,2.5,1.4,20.43322464
6,175,1.6,0.7,14.9117021
6,175,1.6,1.05,20.1909625
6,175,1.6,1.4,16.86847969
6,175,1.8,0.7,16.25303968
6,175,1.8,1.05,18.12488509
6,175,1.8,1.4,20.35152813
6,175,2,0.7,18.03436356
6,175,2,1.05,17.5264161
6,175,2,1.4,18.38228342
6,175,2.2,0.7,21.11426736
6,175,2.2,1.05,19.70686035
6,175,2.2,1.4,13.48899982
6,175,2.4,0.7,22.93310771
6,175,2.4,1.05,16.38889589
6,175,2.4,1.4,14.4047196
6,200,1.5,0.7,14.96221898
6,200,1.5,1.05,14.65657727
6,200,1.5,1.4,20.22036666
6,200,1.7,0.7,16.78959272
6,200,1.7,1.05,25.21025957
6,200,1.7,1.4,19.40045977
6,200,1.9,0.7,17.83614353
6,200,1.9,1.05,24.39245006
6,200,1.9,1.4,23.56283371
6,200,2.1,0.7,21.86809238
6,200,2.1,1.05,20.21042247
6,200,2.1,1.4,20.31956724
6,200,2.3,0.7,24.84958171
6,200,2.3,1.05,21.80051696
6,200,2.3,1.4,19.66597793
6,200,2.5,0.7,25.99898896
6,200,2.5,1.05,22.06231878
6,200,2.5,1.4,21.03835901
8,0,1.5,0.7,2.166798125
8,0,1.5,1.05,1.994880795
8,0,1.5,1.4,1.991507755
8,0,1.7,0.7,2.413471505
8,0,1.7,1.05,4.139476235
8,0,1.7,1.4,2.899414305
8,0,1.9,0.7,5.52009985
8,0,1.9,1.05,7.354356745
8,0,1.9,1.4,5.33195838
8,0,2.1,0.7,19.99789002
8,0,2.1,1.05,8.488290225
8,0,2.1,1.4,1.915515405
8,0,2.3,0.7,25.3582639
8,0,2.3,1.05,2.185516945
8,0,2.3,1.4,1.437887965
8,0,2.5,0.7,31.09783404
8,0,2.5,1.05,1.890725635
8,0,2.5,1.4,1.379164485
8,25,1.6,0.7,6.022568495
8,25,1.6,1.05,5.899901415
8,25,1.6,1.4,5.25760901
8,25,1.8,0.7,5.487119255
8,25,1.8,1.05,9.138851555
8,25,1.8,1.4,12.00985826
8,25,2,0.7,9.76006525
8,25,2,1.05,10.70192285
8,25,2,1.4,14.18665702
8,25,2.2,0.7,13.1504635
8,25,2.2,1.05,16.83781416
8,25,2.2,1.4,19.7309444
8,25,2.4,0.7,22.05845141
8,25,2.4,1.05,27.7911449
8,25,2.4,1.4,1.651555005
8,50,1.5,0.7,0.606925755
8,50,1.5,1.05,0.967633045
8,50,1.5,1.4,1.01771189
8,50,1.7,0.7,1.83865145
8,50,1.7,1.05,1.946333395
8,50,1.7,1.4,1.256027065
8,50,1.9,0.7,2.446088645
8,50,1.9,1.05,1.75677089
8,50,1.9,1.4,2.89525274
8,50,2.1,0.7,4.16988717
8,50,2.1,1.05,3.47753655
8,50,2.1,1.4,4.749716225
8,50,2.3,0.7,6.054145875
8,50,2.3,1.05,5.279049785
8,50,2.3,1.4,9.993393195
8,50,2.5,0.7,7.144120635
8,50,2.5,1.05,23.23553062
8,50,2.5,1.4,1.789061775
8,75,1.6,0.7,2.301961535
8,75,1.6,1.05,2.517171365
8,75,1.6,1.4,1.897846855
8,75,1.8,0.7,3.146094015
8,75,1.8,1.05,12.57974175
8,75,1.8,1.4,4.87327289
8,75,2,0.7,5.749459945
8,75,2,1.05,3.877424105
8,75,2,1.4,12.78541704
8,75,2.2,0.7,20.21204998
8,75,2.2,1.05,20.51460132
8,75,2.2,1.4,17.76513275
8,75,2.4,0.7,24.44423375
8,75,2.4,1.05,26.61614424
8,75,2.4,1.4,32.61966052
8,100,1.5,0.7,0.758866325
8,100,1.5,1.05,1.47033628
8,100,1.5,1.4,1.371727985
8,100,1.7,0.7,1.66019497
8,100,1.7,1.05,1.94218581
8,100,1.7,1.4,2.526298485
8,100,1.9,0.7,18.46355991
8,100,1.9,1.05,19.95083256
8,100,1.9,1.4,15.28451124
8,100,2.1,0.7,24.44324883
8,100,2.1,1.05,26.5761516
8,100,2.1,1.4,15.81249026
8,100,2.3,0.7,26.55366339
8,100,2.3,1.05,31.76165247
8,100,2.3,1.4,24.51326645
8,100,2.5,0.7,33.05713503
8,100,2.5,1.05,39.22260624
8,100,2.5,1.4,33.98515161
8,125,1.6,0.7,1.46008469
8,125,1.6,1.05,16.95513861
8,125,1.6,1.4,16.54564365
8,125,1.8,0.7,16.49016369
8,125,1.8,1.05,17.97152167
8,125,1.8,1.4,17.14974079
8,125,2,0.7,20.02394696
8,125,2,1.05,21.33621444
8,125,2,1.4,16.41212001
8,125,2.2,0.7,21.7261251
8,125,2.2,1.05,24.28895599
8,125,2.2,1.4,19.99643012
8,125,2.4,0.7,26.74357163
8,125,2.4,1.05,23.40047254
8,125,2.4,1.4,22.66353705
8,150,1.5,0.7,15.76503932
8,150,1.5,1.05,14.71129282
8,150,1.5,1.4,16.81053048
8,150,1.7,0.7,18.38869488
8,150,1.7,1.05,16.23362792
8,150,1.7,1.4,25.59678803
8,150,1.9,0.7,25.06795204
8,150,1.9,1.05,26.46985809
8,150,1.9,1.4,21.43531816
8,150,2.1,0.7,23.84790793
8,150,2.1,1.05,25.75089201
8,150,2.1,1.4,29.20332858
8,150,2.3,0.7,30.2897043
8,150,2.3,1.05,27.00954622
8,150,2.3,1.4,26.35897031
8,150,2.5,0.7,33.28026619
8,150,2.5,1.05,27.0706717
8,150,2.5,1.4,22.86899577
8,175,1.6,0.7,14.02868913
8,175,1.6,1.05,20.02470101
8,175,1.6,1.4,18.21306351
8,175,1.8,0.7,17.80463232
8,175,1.8,1.05,22.26115859
8,175,1.8,1.4,17.92242904
8,175,2,0.7,20.52712839
8,175,2,1.05,26.43476973
8,175,2,1.4,30.62884765
8,175,2.2,0.7,23.87569613
8,175,2.2,1.05,27.13847058
8,175,2.2,1.4,21.95018747
8,175,2.4,0.7,24.93067951
8,175,2.4,1.05,26.48945395
8,175,2.4,1.4,19.63858649
8,200,1.5,0.7,18.25283987
8,200,1.5,1.05,13.14853798
8,200,1.5,1.4,16.80890649
8,200,1.7,0.7,21.76204542
8,200,1.7,1.05,19.95473314
8,200,1.7,1.4,28.41190008
8,200,1.9,0.7,23.99916942
8,200,1.9,1.05,22.51447703
8,200,1.9,1.4,22.81980479
8,200,2.1,0.7,26.42427769
8,200,2.1,1.05,23.00800265
8,200,2.1,1.4,20.86879417
8,200,2.3,0.7,29.49732455
8,200,2.3,1.05,23.05055265
8,200,2.3,1.4,19.78231941
8,200,2.5,0.7,31.08251055
8,200,2.5,1.05,21.36694488
8,200,2.5,1.4,2.45140065
10,0,1.5,0.7,2.37024162
10,0,1.5,1.05,2.465344685
10,0,1.5,1.4,1.902319725
10,0,1.7,0.7,15.43857988
10,0,1.7,1.05,5.526309155
10,0,1.7,1.4,1.8278817
10,0,1.9,0.7,20.12095256
10,0,1.9,1.05,1.909063605
10,0,1.9,1.4,1.835869325
10,0,2.1,0.7,10.91442134
10,0,2.1,1.05,1.472520425
10,0,2.1,1.4,1.497575625
10,0,2.3,0.7,37.2159395
10,0,2.3,1.05,1.447227795
10,0,2.3,1.4,1.27589006
10,0,2.5,0.7,1.8790985
10,0,2.5,1.05,1.43131911
10,0,2.5,1.4,1.320330185
10,25,1.6,0.7,3.697126945
10,25,1.6,1.05,6.04913388
10,25,1.6,1.4,4.04881531
10,25,1.8,0.7,6.947829155
10,25,1.8,1.05,7.81723548
10,25,1.8,1.4,8.20748261
10,25,2,0.7,11.28420063
10,25,2,1.05,13.41803126
10,25,2,1.4,1.814660625
10,25,2.2,0.7,28.61980338
10,25,2.2,1.05,16.47586264
10,25,2.2,1.4,1.701154805
10,25,2.4,0.7,40.1337563
10,25,2.4,1.05,39.37679974
10,25,2.4,1.4,1.47408317
10,50,1.5,0.7,1.260503925
10,50,1.5,1.05,2.05605895
10,50,1.5,1.4,1.974935335
10,50,1.7,0.7,2.454350585
10,50,1.7,1.05,3.56727412
10,50,1.7,1.4,2.616819025
10,50,1.9,0.7,4.691029555
10,50,1.9,1.05,4.199239655
10,50,1.9,1.4,6.88366734
10,50,2.1,0.7,18.14836186
10,50,2.1,1.05,6.48318302
10,50,2.1,1.4,1.938137185
10,50,2.3,0.7,21.43247518
10,50,2.3,1.05,28.25571177
10,50,2.3,1.4,1.68978614
10,50,2.5,0.7,35.44502725
10,50,2.5,1.05,1.77016859
10,50,2.5,1.4,1.362320765
10,75,1.6,0.7,4.15126126
10,75,1.6,1.05,3.87517276
10,75,1.6,1.4,14.52642432
10,75,1.8,0.7,14.98008309
10,75,1.8,1.05,14.8352227
10,75,1.8,1.4,16.80488933
10,75,2,0.7,21.10158681
10,75,2,1.05,21.2147152
10,75,2,1.4,23.21411872
10,75,2.2,0.7,22.43277946
10,75,2.2,1.05,29.38565798
10,75,2.2,1.4,30.7444312
10,75,2.4,0.7,26.05758587
10,75,2.4,1.05,36.75305072
10,75,2.4,1.4,2.00176375
10,100,1.5,0.7,17.06507599
10,100,1.5,1.05,18.94962245
10,100,1.5,1.4,2.53324977
10,100,1.7,0.7,17.69646839
10,100,1.7,1.05,21.07823388
10,100,1.7,1.4,17.29897621
10,100,1.9,0.7,21.8432857
10,100,1.9,1.05,26.46207417
10,100,1.9,1.4,22.38864355
10,100,2.1,0.7,29.71010653
10,100,2.1,1.05,36.53765208
10,100,2.1,1.4,26.70796294
10,100,2.3,0.7,29.27685436
10,100,2.3,1.05,31.96874948
10,100,2.3,1.4,35.05213832
10,100,2.5,0.7,30.76561245
10,100,2.5,1.05,25.82152161
10,100,2.5,1.4,1.886956525
10,125,1.6,0.7,11.89656028
10,125,1.6,1.05,14.16437352
10,125,1.6,1.4,12.73031194
10,125,1.8,0.7,18.74037221
10,125,1.8,1.05,20.30153969
10,125,1.8,1.4,17.24241632
10,125,2,0.7,27.547945
10,125,2,1.05,30.90801587
10,125,2,1.4,32.79220122
10,125,2.2,0.7,28.65176546
10,125,2.2,1.05,30.12516931
10,125,2.2,1.4,40.38833175
10,125,2.4,0.7,33.29229334
10,125,2.4,1.05,28.87825012
10,125,2.4,1.4,26.01214699
10,150,1.5,0.7,5.07192638
10,150,1.5,1.05,13.95909786
10,150,1.5,1.4,13.76132647
10,150,1.7,0.7,23.06744641
10,150,1.7,1.05,28.86552639
10,150,1.7,1.4,17.14295674
10,150,1.9,0.7,29.77538936
10,150,1.9,1.05,30.79088801
10,150,1.9,1.4,37.60315188
10,150,2.1,0.7,29.89276263
10,150,2.1,1.05,28.74855898
10,150,2.1,1.4,25.49029507
10,150,2.3,0.7,33.5952381
10,150,2.3,1.05,21.73779973
10,150,2.3,1.4,18.34570169
10,150,2.5,0.7,31.77714475
10,150,2.5,1.05,2.180528875
10,150,2.5,1.4,19.60171103
10,175,1.6,0.7,22.24623455
10,175,1.6,1.05,25.81931546
10,175,1.6,1.4,23.0666609
10,175,1.8,0.7,24.879369
10,175,1.8,1.05,28.75976827
10,175,1.8,1.4,39.76854173
10,175,2,0.7,24.75957759
10,175,2,1.05,23.18499775
10,175,2,1.4,20.94242387
10,175,2.2,0.7,26.75827735
10,175,2.2,1.05,21.54047674
10,175,2.2,1.4,14.86050651
10,175,2.4,0.7,28.79159634
10,175,2.4,1.05,16.63769652
10,175,2.4,1.4,1.94975736
10,200,1.5,0.7,26.57207203
10,200,1.5,1.05,30.13790411
10,200,1.5,1.4,32.46480467
10,200,1.7,0.7,25.74684893
10,200,1.7,1.05,23.47800227
10,200,1.7,1.4,48.06433862
10,200,1.9,0.7,26.99685194
10,200,1.9,1.05,21.68353378
10,200,1.9,1.4,20.33871995
10,200,2.1,0.7,30.02929235
10,200,2.1,1.05,20.59749653
10,200,2.1,1.4,17.54910594
10,200,2.3,0.7,33.18631766
10,200,2.3,1.05,19.73466771
10,200,2.3,1.4,1.543837075
10,200,2.5,0.7,32.53028312
10,200,2.5,1.05,14.83241934
10,200,2.5,1.4,2.119129425
12,0,1.5,0.7,2.710077215
12,0,1.5,1.05,3.382610125
12,0,1.5,1.4,1.879645105
12,0,1.7,0.7,4.848634005
12,0,1.7,1.05,2.042897735
12,0,1.7,1.4,1.614795695
12,0,1.9,0.7,5.787094095
12,0,1.9,1.05,1.45487696
12,0,1.9,1.4,1.37488409
12,0,2.1,0.7,2.53720665
12,0,2.1,1.05,1.54752002
12,0,2.1,1.4,1.268136685
12,0,2.3,0.7,1.596147205
12,0,2.3,1.05,1.311584905
12,0,2.3,1.4,1.538662875
12,0,2.5,0.7,1.600953855
12,0,2.5,1.05,1.140192515
12,0,2.5,1.4,1.094330115
12,25,1.6,0.7,3.283366465
12,25,1.6,1.05,3.947534815
12,25,1.6,1.4,4.05098771
12,25,1.8,0.7,21.23499458
12,25,1.8,1.05,6.942361015
12,25,1.8,1.4,1.79896845
12,25,2,0.7,29.74137126
12,25,2,1.05,19.94002746
12,25,2,1.4,1.476944155
12,25,2.2,0.7,46.13158384
12,25,2.2,1.05,1.484047405
12,25,2.2,1.4,1.277472645
12,25,2.4,0.7,50.29350783
12,25,2.4,1.05,1.366536405
12,25,2.4,1.4,1.221183055
12,50,1.5,0.7,3.0627593
12,50,1.5,1.05,2.44075017
12,50,1.5,1.4,3.972113785
12,50,1.7,0.7,3.64365483
12,50,1.7,1.05,13.44766539
12,50,1.7,1.4,4.728461135
12,50,1.9,0.7,20.98779674
12,50,1.9,1.05,22.76612895
12,50,1.9,1.4,6.8981237
12,50,2.1,0.7,30.82322728
12,50,2.1,1.05,27.90628977
12,50,2.1,1.4,1.4467511
12,50,2.3,0.7,33.47814198
12,50,2.3,1.05,2.69682508
12,50,2.3,1.4,1.35477584
12,50,2.5,0.7,35.85667806
12,50,2.5,1.05,1.36576364
12,50,2.5,1.4,1.24842055
12,75,1.6,0.7,16.22990609
12,75,1.6,1.05,17.18445948
12,75,1.6,1.4,12.94250759
12,75,1.8,0.7,18.88295428
12,75,1.8,1.05,22.02190688
12,75,1.8,1.4,16.51580642
12,75,2,0.7,21.58189617
12,75,2,1.05,32.22906249
12,75,2,1.4,2.467981245
12,75,2.2,0.7,35.79146501
12,75,2.2,1.05,40.86827958
12,75,2.2,1.4,1.49421229
12,75,2.4,0.7,43.14528141
12,75,2.4,1.05,46.92091161
12,75,2.4,1.4,1.48225321
12,100,1.5,0.7,14.69444426
12,100,1.5,1.05,11.49054846
12,100,1.5,1.4,10.61172675
12,100,1.7,0.7,18.05369099
12,100,1.7,1.05,19.5094086
12,100,1.7,1.4,16.65803788
12,100,1.9,0.7,30.06304252
12,100,1.9,1.05,32.71835599
12,100,1.9,1.4,20.96172303
12,100,2.1,0.7,40.47378346
12,100,2.1,1.05,42.67655245
12,100,2.1,1.4,2.02024529
12,100,2.3,0.7,40.29737022
12,100,2.3,1.05,34.28081129
12,100,2.3,1.4,2.70949508
12,100,2.5,0.7,40.6362777
12,100,2.5,1.05,1.86482408
12,100,2.5,1.4,1.36719433
12,125,1.6,0.7,15.60811198
12,125,1.6,1.05,20.18824631
12,125,1.6,1.4,16.34644991
12,125,1.8,0.7,31.44584563
12,125,1.8,1.05,32.27993772
12,125,1.8,1.4,28.35393028
12,125,2,0.7,32.82589566
12,125,2,1.05,36.33068406
12,125,2,1.4,41.07478159
12,125,2.2,0.7,34.05089677
12,125,2.2,1.05,25.4602824
12,125,2.2,1.4,1.754954565
12,125,2.4,0.7,35.46253183
12,125,2.4,1.05,24.91308985
12,125,2.4,1.4,1.78455199
12,150,1.5,0.7,20.09582272
12,150,1.5,1.05,24.73057766
12,150,1.5,1.4,21.53784942
12,150,1.7,0.7,29.63537291
12,150,1.7,1.05,35.66341558
12,150,1.7,1.4,34.86198284
12,150,1.9,0.7,30.62289498
12,150,1.9,1.05,29.48954875
12,150,1.9,1.4,49.25078791
12,150,2.1,0.7,30.30987612
12,150,2.1,1.05,22.4073812
12,150,2.1,1.4,1.83697897
12,150,2.3,0.7,32.24994845
12,150,2.3,1.05,1.85980549
12,150,2.3,1.4,2.899684285
12,150,2.5,0.7,32.54542221
12,150,2.5,1.05,1.556686305
12,150,2.5,1.4,1.67768615
12,175,1.6,0.7,29.88577368
12,175,1.6,1.05,34.00182953
12,175,1.6,1.4,43.47975901
12,175,1.8,0.7,28.4906872
12,175,1.8,1.05,23.88152443
12,175,1.8,1.4,17.40448202
12,175,2,0.7,29.69113837
12,175,2,1.05,20.3410298
12,175,2,1.4,1.767964575
12,175,2.2,0.7,32.58077756
12,175,2.2,1.05,1.811359785
12,175,2.2,1.4,1.856395865
12,175,2.4,0.7,34.33571139
12,175,2.4,1.05,2.732696605
12,175,2.4,1.4,1.257684545
12,200,1.5,0.7,41.03767786
12,200,1.5,1.05,36.26267399
12,200,1.5,1.4,41.56020183
12,200,1.7,0.7,29.52654878
12,200,1.7,1.05,22.87250266
12,200,1.7,1.4,22.98706561
12,200,1.9,0.7,29.24994097
12,200,1.9,1.05,15.20724601
12,200,1.9,1.4,1.7438969
12,200,2.1,0.7,32.12768047
12,200,2.1,1.05,1.857889805
12,200,2.1,1.4,1.8860728
12,200,2.3,0.7,41.87429944
12,200,2.3,1.05,1.331659865
12,200,2.3,1.4,1.578600555
12,200,2.5,0.7,2.029597225
12,200,2.5,1.05,1.240041765
12,200,2.5,1.4,1.05594173
6,0,1.5,0.7,1.276972545
6,0,1.5,1.05,1.40763682
6,0,1.5,1.4,1.22198518
6,0,1.7,0.7,2.57058053
6,0,1.7,1.05,2.907952235
6,0,1.7,1.4,2.61173793
6,0,1.9,0.7,3.623287735
6,0,1.9,1.05,4.861726245
6,0,1.9,1.4,4.685755775
6,0,2.1,0.7,17.24322518
6,0,2.1,1.05,9.14252845
6,0,2.1,1.4,7.22210682
6,0,2.3,0.7,21.77185393
6,0,2.3,1.05,23.58202299
6,0,2.3,1.4,1.90549201
6,0,2.5,0.7,24.97148829
6,0,2.5,1.05,30.27901031
6,0,2.5,1.4,1.921319615
6,25,1.6,0.7,1.45386602
6,25,1.6,1.05,1.67985751
6,25,1.6,1.4,2.359961675
6,25,1.8,0.7,2.30229922
6,25,1.8,1.05,3.318807365
6,25,1.8,1.4,2.73639597
6,25,2,0.7,4.76432071
6,25,2,1.05,4.69724476
6,25,2,1.4,5.22735781
6,25,2.2,0.7,7.4399274
6,25,2.2,1.05,11.05566429
6,25,2.2,1.4,8.14951516
6,25,2.4,0.7,14.67360446
6,25,2.4,1.05,14.64715217
6,25,2.4,1.4,24.38383386
6,50,1.5,0.7,0.581434425
6,50,1.5,1.05,0.780913535
6,50,1.5,1.4,0.724918585
6,50,1.7,0.7,1.019549845
6,50,1.7,1.05,1.279980775
6,50,1.7,1.4,0.890335145
6,50,1.9,0.7,2.180233015
6,50,1.9,1.05,2.433453355
6,50,1.9,1.4,1.64671733
6,50,2.1,0.7,4.20246107
6,50,2.1,1.05,4.046561015
6,50,2.1,1.4,4.59804905
6,50,2.3,0.7,4.73968986
6,50,2.3,1.05,4.08230125
6,50,2.3,1.4,17.49258419
6,50,2.5,0.7,8.01391438
6,50,2.5,1.05,22.65485255
6,50,2.5,1.4,10.29284302
6,75,1.6,0.7,0.316275755
6,75,1.6,1.05,1.00228558
6,75,1.6,1.4,1.259409195
6,75,1.8,0.7,0.85857833
6,75,1.8,1.05,0.368262385
6,75,1.8,1.4,2.12653032
6,75,2,0.7,1.450135035
6,75,2,1.05,1.93924519
6,75,2,1.4,2.47596343
6,75,2.2,0.7,2.43745487
6,75,2.2,1.05,3.764273615
6,75,2.2,1.4,17.23894601
6,75,2.4,0.7,2.74980348
6,75,2.4,1.05,6.161012775
6,75,2.4,1.4,16.50240024
6,100,1.5,0.7,1.043984375
6,100,1.5,1.05,0.929859555
6,100,1.5,1.4,1.667230665
6,100,1.7,0.7,1.86839673
6,100,1.7,1.05,1.58847147
6,100,1.7,1.4,2.522915755
6,100,1.9,0.7,1.657600975
6,100,1.9,1.05,2.571962555
6,100,1.9,1.4,13.56843395
6,100,2.1,0.7,1.67980929
6,100,2.1,1.05,13.92808819
6,100,2.1,1.4,15.59499058
6,100,2.3,0.7,16.99064027
6,100,2.3,1.05,16.70905174
6,100,2.3,1.4,14.64180982
6,100,2.5,0.7,20.82913473
6,100,2.5,1.05,19.53450837
6,100,2.5,1.4,21.9617933
6,125,1.6,0.7,1.58774253
6,125,1.6,1.05,1.96536155
6,125,1.6,1.4,1.07172349
6,125,1.8,0.7,13.29645001
6,125,1.8,1.05,14.75259793
6,125,1.8,1.4,2.021798275
6,125,2,0.7,1.64178562
6,125,2,1.05,17.50446985
6,125,2,1.4,15.76786807
6,125,2.2,0.7,20.49097717
6,125,2.2,1.05,18.51707968
6,125,2.2,1.4,24.61952226
6,125,2.4,0.7,22.96424488
6,125,2.4,1.05,18.76875767
6,125,2.4,1.4,21.97821605
6,150,1.5,0.7,0.735884685
6,150,1.5,1.05,0.937172305
6,150,1.5,1.4,17.35790708
6,150,1.7,0.7,1.01669435
6,150,1.7,1.05,14.79832094
6,150,1.7,1.4,19.47943298
6,150,1.9,0.7,0.537630855
6,150,1.9,1.05,16.20815219
6,150,1.9,1.4,17.5141618
6,150,2.1,0.7,14.95439099
6,150,2.1,1.05,17.20666344
6,150,2.1,1.4,14.66813147
6,150,2.3,0.7,14.02922575
6,150,2.3,1.05,18.46880396
6,150,2.3,1.4,14.86324414
6,150,2.5,0.7,20.19911768
6,150,2.5,1.05,18.11758006
6,150,2.5,1.4,17.82099566
6,175,1.6,0.7,14.39788533
6,175,1.6,1.05,23.82705059
6,175,1.6,1.4,4.48566731
6,175,1.8,0.7,16.17696459
6,175,1.8,1.05,17.10172416
6,175,1.8,1.4,22.86955112
6,175,2,0.7,17.10096512
6,175,2,1.05,17.30324628
6,175,2,1.4,16.31177215
6,175,2.2,0.7,19.72507122
6,175,2.2,1.05,19.31625969
6,175,2.2,1.4,12.40292786
6,175,2.4,0.7,20.67206613
6,175,2.4,1.05,18.6453617
6,175,2.4,1.4,14.50308112
6,200,1.5,0.7,13.58270496
6,200,1.5,1.05,16.66536236
6,200,1.5,1.4,17.34488347
6,200,1.7,0.7,16.03773862
6,200,1.7,1.05,21.38700344
6,200,1.7,1.4,8.339999845
6,200,1.9,0.7,17.48027602
6,200,1.9,1.05,19.64039634
6,200,1.9,1.4,24.93052827
6,200,2.1,0.7,20.23693665
6,200,2.1,1.05,19.22200277
6,200,2.1,1.4,26.0766163
6,200,2.3,0.7,20.90731185
6,200,2.3,1.05,20.57744419
6,200,2.3,1.4,18.54291755
6,200,2.5,0.7,25.09903317
6,200,2.5,1.05,23.11410977
6,200,2.5,1.4,22.99321612
8,0,1.5,0.7,1.9446332
8,0,1.5,1.05,1.96282795
8,0,1.5,1.4,2.143893625
8,0,1.7,0.7,3.472810065
8,0,1.7,1.05,3.065404435
8,0,1.7,1.4,3.79572566
8,0,1.9,0.7,13.95284194
8,0,1.9,1.05,8.580193305
8,0,1.9,1.4,8.15384786
8,0,2.1,0.7,19.00737704
8,0,2.1,1.05,20.68608874
8,0,2.1,1.4,1.62434588
8,0,2.3,0.7,21.89507745
8,0,2.3,1.05,1.757085215
8,0,2.3,1.4,1.424017165
8,0,2.5,0.7,24.46751917
8,0,2.5,1.05,1.540877455
8,0,2.5,1.4,1.341181375
8,25,1.6,0.7,5.38905503
8,25,1.6,1.05,5.90264023
8,25,1.6,1.4,6.89180886
8,25,1.8,0.7,7.618696405
8,25,1.8,1.05,9.41505298
8,25,1.8,1.4,11.90886521
8,25,2,0.7,11.78357118
8,25,2,1.05,15.01512353
8,25,2,1.4,14.75295729
8,25,2.2,0.7,17.04183149
8,25,2.2,1.05,28.66445513
8,25,2.2,1.4,33.7412304
8,25,2.4,0.7,21.58190069
8,25,2.4,1.05,36.84660789
8,25,2.4,1.4,1.95455938
8,50,1.5,0.7,0.92954519
8,50,1.5,1.05,0.89535553
8,50,1.5,1.4,1.045444615
8,50,1.7,0.7,1.215050635
8,50,1.7,1.05,2.046947545
8,50,1.7,1.4,2.29423402
8,50,1.9,0.7,2.313059155
8,50,1.9,1.05,3.07566036
8,50,1.9,1.4,2.679152695
8,50,2.1,0.7,4.166636315
8,50,2.1,1.05,6.51946287
8,50,2.1,1.4,4.755243245
8,50,2.3,0.7,6.201702715
8,50,2.3,1.05,6.793946615
8,50,2.3,1.4,9.51737332
8,50,2.5,0.7,10.71189652
8,50,2.5,1.05,23.17921309
8,50,2.5,1.4,1.798908325
8,75,1.6,0.7,2.23340016
8,75,1.6,1.05,2.47774116
8,75,1.6,1.4,2.787914895
8,75,1.8,0.7,2.421117005
8,75,1.8,1.05,3.688520175
8,75,1.8,1.4,4.7896747
8,75,2,0.7,6.35860395
8,75,2,1.05,12.73013662
8,75,2,1.4,21.27402599
8,75,2.2,0.7,22.07383703
8,75,2.2,1.05,21.3394019
8,75,2.2,1.4,27.6013942
8,75,2.4,0.7,25.10776541
8,75,2.4,1.05,25.70566987
8,75,2.4,1.4,31.37445519
8,100,1.5,0.7,1.019029305
8,100,1.5,1.05,1.58020915
8,100,1.5,1.4,14.01092007
8,100,1.7,0.7,1.51086271
8,100,1.7,1.05,15.57963557
8,100,1.7,1.4,4.074202785
8,100,1.9,0.7,17.47108114
8,100,1.9,1.05,21.43939518
8,100,1.9,1.4,13.46396952
8,100,2.1,0.7,22.6591346
8,100,2.1,1.05,25.09494934
8,100,2.1,1.4,23.42045223
8,100,2.3,0.7,22.02141722
8,100,2.3,1.05,33.8393769
8,100,2.3,1.4,27.58580287
8,100,2.5,0.7,28.09455674
8,100,2.5,1.05,25.92875706
8,100,2.5,1.4,38.61747719
8,125,1.6,0.7,1.608277095
8,125,1.6,1.05,1.88662548
8,125,1.6,1.4,1.96556581
8,125,1.8,0.7,18.90941071
8,125,1.8,1.05,18.66237893
8,125,1.8,1.4,16.2365994
8,125,2,0.7,19.83811912
8,125,2,1.05,19.35939402
8,125,2,1.4,16.98806743
8,125,2.2,0.7,23.72583282
8,125,2.2,1.05,23.69980874
8,125,2.2,1.4,20.10351489
8,125,2.4,0.7,27.62149392
8,125,2.4,1.05,23.11138859
8,125,2.4,1.4,22.00852282
8,150,1.5,0.7,14.14813405
8,150,1.5,1.05,15.97590274
8,150,1.5,1.4,14.02973265
8,150,1.7,0.7,17.66117801
8,150,1.7,1.05,17.9145985
8,150,1.7,1.4,24.64793279
8,150,1.9,0.7,21.19465207
8,150,1.9,1.05,25.43435805
8,150,1.9,1.4,22.91095971
8,150,2.1,0.7,24.56941835
8,150,2.1,1.05,29.67098499
8,150,2.1,1.4,31.45434378
8,150,2.3,0.7,29.14769093
8,150,2.3,1.05,24.9799802
8,150,2.3,1.4,22.79001114
8,150,2.5,0.7,30.2694805
8,150,2.5,1.05,26.02590333
8,150,2.5,1.4,22.09771915
8,175,1.6,0.7,14.86447757
8,175,1.6,1.05,15.34889878
8,175,1.6,1.4,17.15394636
8,175,1.8,0.7,19.22644436
8,175,1.8,1.05,22.3220811
8,175,1.8,1.4,21.84879449
8,175,2,0.7,20.54196691
8,175,2,1.05,26.72247017
8,175,2,1.4,23.21122474
8,175,2.2,0.7,23.2372288
8,175,2.2,1.05,26.01821757
8,175,2.2,1.4,19.7140267
8,175,2.4,0.7,25.64329154
8,175,2.4,1.05,26.50821912
8,175,2.4,1.4,19.13097189
8,200,1.5,0.7,19.46653587
8,200,1.5,1.05,17.70714249
8,200,1.5,1.4,20.48806195
8,200,1.7,0.7,22.59783182
8,200,1.7,1.05,17.83604297
8,200,1.7,1.4,26.83157947
8,200,1.9,0.7,21.81119228
8,200,1.9,1.05,22.75433722
8,200,1.9,1.4,37.84739581
8,200,2.1,0.7,24.42026279
8,200,2.1,1.05,22.7586222
8,200,2.1,1.4,20.4701461
8,200,2.3,0.7,28.6733806
8,200,2.3,1.05,21.90408288
8,200,2.3,1.4,19.88240753
8,200,2.5,0.7,30.67888973
8,200,2.5,1.05,20.91814908
8,200,2.5,1.4,18.91718213
10,0,1.5,0.7,2.68874185
10,0,1.5,1.05,3.23580922
10,0,1.5,1.4,2.32434983
10,0,1.7,0.7,5.065268035
10,0,1.7,1.05,2.000912255
10,0,1.7,1.4,2.13757049
10,0,1.9,0.7,18.42932606
10,0,1.9,1.05,1.76896569
10,0,1.9,1.4,2.00238821
10,0,2.1,0.7,25.38932774
10,0,2.1,1.05,2.0328948
10,0,2.1,1.4,1.49585066
10,0,2.3,0.7,2.030986995
10,0,2.3,1.05,1.57286967
10,0,2.3,1.4,1.239645215
10,0,2.5,0.7,32.49767929
10,0,2.5,1.05,1.264971665
10,0,2.5,1.4,1.258602205
10,25,1.6,0.7,3.56665632
10,25,1.6,1.05,4.98293583
10,25,1.6,1.4,5.78953103
10,25,1.8,0.7,7.640590115
10,25,1.8,1.05,8.75533431
10,25,1.8,1.4,7.42388148
10,25,2,0.7,9.690962805
10,25,2,1.05,15.07411102
10,25,2,1.4,14.00846764
10,25,2.2,0.7,26.9895793
10,25,2.2,1.05,29.47288901
10,25,2.2,1.4,27.82813159
10,25,2.4,0.7,40.29677286
10,25,2.4,1.05,36.86394767
10,25,2.4,1.4,1.48491208
10,50,1.5,0.7,1.666033325
10,50,1.5,1.05,1.660144715
10,50,1.5,1.4,1.77223072
10,50,1.7,0.7,2.326829455
10,50,1.7,1.05,2.93331449
10,50,1.7,1.4,2.91813294
10,50,1.9,0.7,4.012846955
10,50,1.9,1.05,6.327796025
10,50,1.9,1.4,4.465437585
10,50,2.1,0.7,7.8446652
10,50,2.1,1.05,18.12854522
10,50,2.1,1.4,9.52971548
10,50,2.3,0.7,25.46623344
10,50,2.3,1.05,21.92936174
10,50,2.3,1.4,1.722331425
10,50,2.5,0.7,29.85900814
10,50,2.5,1.05,1.90834218
10,50,2.5,1.4,1.37573093
10,75,1.6,0.7,2.801982435
10,75,1.6,1.05,3.65339209
10,75,1.6,1.4,4.31146103
10,75,1.8,0.7,14.47847228
10,75,1.8,1.05,13.93280176
10,75,1.8,1.4,17.12357983
10,75,2,0.7,19.8059104
10,75,2,1.05,20.7149298
10,75,2,1.4,22.5752033
10,75,2.2,0.7,19.28107221
10,75,2.2,1.05,28.25179018
10,75,2.2,1.4,29.73223526
10,75,2.4,0.7,25.08406986
10,75,2.4,1.05,35.97420333
10,75,2.4,1.4,30.4392378
10,100,1.5,0.7,2.171097245
10,100,1.5,1.05,2.7742289
10,100,1.5,1.4,15.19785445
10,100,1.7,0.7,16.76034382
10,100,1.7,1.05,20.03022914
10,100,1.7,1.4,15.07295208
10,100,1.9,0.7,21.81975966
10,100,1.9,1.05,20.94379548
10,100,1.9,1.4,23.9046485
10,100,2.1,0.7,30.52418574
10,100,2.1,1.05,33.63718715
10,100,2.1,1.4,24.92273536
10,100,2.3,0.7,33.96098349
10,100,2.3,1.05,27.17386938
10,100,2.3,1.4,2.3203321
10,100,2.5,0.7,29.37255341
10,100,2.5,1.05,29.32923957
10,100,2.5,1.4,1.91606742
10,125,1.6,0.7,11.40262133
10,125,1.6,1.05,13.71296025
10,125,1.6,1.4,12.35039804
10,125,1.8,0.7,18.51946331
10,125,1.8,1.05,18.00891086
10,125,1.8,1.4,15.23491936
10,125,2,0.7,28.77338471
10,125,2,1.05,27.54808572
10,125,2,1.4,30.95862624
10,125,2.2,0.7,31.19857197
10,125,2.2,1.05,29.24878965
10,125,2.2,1.4,39.43245728
10,125,2.4,0.7,32.36148769
10,125,2.4,1.05,28.29307961
10,125,2.4,1.4,25.60873108
10,150,1.5,0.7,14.93511849
10,150,1.5,1.05,12.49228115
10,150,1.5,1.4,8.683937425
10,150,1.7,0.7,19.55310702
10,150,1.7,1.05,13.64818818
10,150,1.7,1.4,13.60503087
10,150,1.9,0.7,26.96239796
10,150,1.9,1.05,30.80929899
10,150,1.9,1.4,36.36662791
10,150,2.1,0.7,26.78225577
10,150,2.1,1.05,28.73448449
10,150,2.1,1.4,22.4649818
10,150,2.3,0.7,31.86511689
10,150,2.3,1.05,28.47801169
10,150,2.3,1.4,19.52456477
10,150,2.5,0.7,29.73290818
10,150,2.5,1.05,20.76501874
10,150,2.5,1.4,17.71773594
10,175,1.6,0.7,19.03429115
10,175,1.6,1.05,18.94115364
10,175,1.6,1.4,22.66918814
10,175,1.8,0.7,24.55388137
10,175,1.8,1.05,27.76586321
10,175,1.8,1.4,24.01394741
10,175,2,0.7,24.69360456
10,175,2,1.05,25.18533206
10,175,2,1.4,21.50663856
10,175,2.2,0.7,26.37707803
10,175,2.2,1.05,20.34512214
10,175,2.2,1.4,17.46738938
10,175,2.4,0.7,28.4968647
10,175,2.4,1.05,23.20004315
10,175,2.4,1.4,1.8880219
10,200,1.5,0.7,25.09012174
10,200,1.5,1.05,30.34804809
10,200,1.5,1.4,29.60248144
10,200,1.7,0.7,24.87442237
10,200,1.7,1.05,24.17798621
10,200,1.7,1.4,47.68481323
10,200,1.9,0.7,26.53648934
10,200,1.9,1.05,20.68534785
10,200,1.9,1.4,20.81778208
10,200,2.1,0.7,28.88119233
10,200,2.1,1.05,19.93064439
10,200,2.1,1.4,15.51392334
10,200,2.3,0.7,31.56649514
10,200,2.3,1.05,18.30526454
10,200,2.3,1.4,11.63060955
10,200,2.5,0.7,34.57712647
10,200,2.5,1.05,23.0289247
10,200,2.5,1.4,1.861004645
12,0,1.5,0.7,2.217989635
12,0,1.5,1.05,2.57400154
12,0,1.5,1.4,2.22740741
12,0,1.7,0.7,2.798259365
12,0,1.7,1.05,1.95356353
12,0,1.7,1.4,1.71814353
12,0,1.9,0.7,6.996048425
12,0,1.9,1.05,1.638178305
12,0,1.9,1.4,1.502285125
12,0,2.1,0.7,8.205917015
12,0,2.1,1.05,1.403615165
12,0,2.1,1.4,1.28903732
12,0,2.3,0.7,1.80559346
12,0,2.3,1.05,1.353783275
12,0,2.3,1.4,1.158633795
12,0,2.5,0.7,1.51381865
12,0,2.5,1.05,1.28789654
12,0,2.5,1.4,1.18235387
12,25,1.6,0.7,2.81568514
12,25,1.6,1.05,2.39229897
12,25,1.6,1.4,2.66575283
12,25,1.8,0.7,10.96776871
12,25,1.8,1.05,4.806190225
12,25,1.8,1.4,3.765164815
12,25,2,0.7,8.574036075
12,25,2,1.05,9.426500365
12,25,2,1.4,1.81290671
12,25,2.2,0.7,33.4553499
12,25,2.2,1.05,1.462283295
12,25,2.2,1.4,1.90966783
12,25,2.4,0.7,32.15487672
12,25,2.4,1.05,1.6005787
12,25,2.4,1.4,1.22288414
12,50,1.5,0.7,3.05250575
12,50,1.5,1.05,1.391692875
12,50,1.5,1.4,1.58716356
12,50,1.7,0.7,3.26030678
12,50,1.7,1.05,6.01849178
12,50,1.7,1.4,3.17396336
12,50,1.9,0.7,5.90276535
12,50,1.9,1.05,5.72380911
12,50,1.9,1.4,15.62069471
12,50,2.1,0.7,9.29026404
12,50,2.1,1.05,10.60761289
12,50,2.1,1.4,22.63830231
12,50,2.3,0.7,17.4591797
12,50,2.3,1.05,18.90567656
12,50,2.3,1.4,1.74107211
12,50,2.5,0.7,33.0137716
12,50,2.5,1.05,2.0703271
12,50,2.5,1.4,1.302218465
12,75,1.6,0.7,2.43280957
12,75,1.6,1.05,15.31898925
12,75,1.6,1.4,2.38991713
12,75,1.8,0.7,16.34781985
12,75,1.8,1.05,5.086568105
12,75,1.8,1.4,17.76506143
12,75,2,0.7,17.19897909
12,75,2,1.05,32.17184556
12,75,2,1.4,17.65870961
12,75,2.2,0.7,19.73401949
12,75,2.2,1.05,27.71886967
12,75,2.2,1.4,2.75804036
12,75,2.4,0.7,45.48213759
12,75,2.4,1.05,40.6079649
12,75,2.4,1.4,1.60176982
12,100,1.5,0.7,8.892414655
12,100,1.5,1.05,8.88408156
12,100,1.5,1.4,9.853825685
12,100,1.7,0.7,11.29506672
12,100,1.7,1.05,13.35318585
12,100,1.7,1.4,12.72629473
12,100,1.9,0.7,18.6692565
12,100,1.9,1.05,20.39089823
12,100,1.9,1.4,21.70844968
12,100,2.1,0.7,26.18295304
12,100,2.1,1.05,29.36967361
12,100,2.1,1.4,39.31829259
12,100,2.3,0.7,34.90977982
12,100,2.3,1.05,40.4790107
12,100,2.3,1.4,1.843159445
12,100,2.5,0.7,37.66667776
12,100,2.5,1.05,37.06981261
12,100,2.5,1.4,1.70377423
12,125,1.6,0.7,13.71977862
12,125,1.6,1.05,14.92099437
12,125,1.6,1.4,12.07112258
12,125,1.8,0.7,29.34213915
12,125,1.8,1.05,22.95483198
12,125,1.8,1.4,21.35987436
12,125,2,0.7,33.82786567
12,125,2,1.05,37.20733246
12,125,2,1.4,38.36510421
12,125,2.2,0.7,32.78833207
12,125,2.2,1.05,33.16625308
12,125,2.2,1.4,23.75170673
12,125,2.4,0.7,35.76095873
12,125,2.4,1.05,24.95509839
12,125,2.4,1.4,2.37460567
12,150,1.5,0.7,20.43303825
12,150,1.5,1.05,18.19801116
12,150,1.5,1.4,16.36990424
12,150,1.7,0.7,27.56463097
12,150,1.7,1.05,28.86626493
12,150,1.7,1.4,21.9534511
12,150,1.9,0.7,27.43718607
12,150,1.9,1.05,43.81693055
12,150,1.9,1.4,41.89631514
12,150,2.1,0.7,30.01685387
12,150,2.1,1.05,26.98313765
12,150,2.1,1.4,15.82714667
12,150,2.3,0.7,30.81267184
12,150,2.3,1.05,20.01687814
12,150,2.3,1.4,2.280350995
12,150,2.5,0.7,33.55520108
12,150,2.5,1.05,15.7435385
12,150,2.5,1.4,1.573343915
12,175,1.6,0.7,24.70855653
12,175,1.6,1.05,28.30756993
12,175,1.6,1.4,38.70371517
12,175,1.8,0.7,30.44194607
12,175,1.8,1.05,46.28138168
12,175,1.8,1.4,46.04167205
12,175,2,0.7,30.24429189
12,175,2,1.05,20.9950382
12,175,2,1.4,14.31680707
12,175,2.2,0.7,31.34408471
12,175,2.2,1.05,17.33874133
12,175,2.2,1.4,1.629345795
12,175,2.4,0.7,36.03900898
12,175,2.4,1.05,10.59665846
12,175,2.4,1.4,2.74636211
12,200,1.5,0.7,32.69642057
12,200,1.5,1.05,32.67447181
12,200,1.5,1.4,39.71127057
12,200,1.7,0.7,30.81942151
12,200,1.7,1.05,20.98843555
12,200,1.7,1.4,51.54260273
12,200,1.9,0.7,29.9102573
12,200,1.9,1.05,17.01436909
12,200,1.9,1.4,8.28854607
12,200,2.1,0.7,33.25790557
12,200,2.1,1.05,11.36837164
12,200,2.1,1.4,1.570382565
12,200,2.3,0.7,34.8912318
12,200,2.3,1.05,11.63569601
12,200,2.3,1.4,1.216757475
12,200,2.5,0.7,36.73641685
12,200,2.5,1.05,1.52683429
12,200,2.5,1.4,1.887555225
6,0,1.5,0.7,0.984718805
6,0,1.5,1.05,1.204278305
6,0,1.5,1.4,1.66416987
6,0,1.7,0.7,3.09425671
6,0,1.7,1.05,2.933434265
6,0,1.7,1.4,2.328659075
6,0,1.9,0.7,3.576849065
6,0,1.9,1.05,2.966058095
6,0,1.9,1.4,6.652394795
6,0,2.1,0.7,17.42102897
6,0,2.1,1.05,6.771103375
6,0,2.1,1.4,7.735849185
6,0,2.3,0.7,5.017847775
6,0,2.3,1.05,32.23955734
6,0,2.3,1.4,2.02903116
6,0,2.5,0.7,30.26843881
6,0,2.5,1.05,11.31234055
6,0,2.5,1.4,36.25217858
6,25,1.6,0.7,2.09663152
6,25,1.6,1.05,1.83385039
6,25,1.6,1.4,1.696675845
6,25,1.8,0.7,1.504651125
6,25,1.8,1.05,4.24364418
6,25,1.8,1.4,2.45040998
6,25,2,0.7,3.88626849
6,25,2,1.05,2.940354025
6,25,2,1.4,6.44899864
6,25,2.2,0.7,12.36841071
6,25,2.2,1.05,7.9235667
6,25,2.2,1.4,4.150184395
6,25,2.4,0.7,18.73687729
6,25,2.4,1.05,11.42302692
6,25,2.4,1.4,2.25998876
6,50,1.5,0.7,0.503617945
6,50,1.5,1.05,0.77442139
6,50,1.5,1.4,0.615132955
6,50,1.7,0.7,0.857033345
6,50,1.7,1.05,1.78397391
6,50,1.7,1.4,1.47492584
6,50,1.9,0.7,1.31915937
6,50,1.9,1.05,1.898873585
6,50,1.9,1.4,2.720035715
6,50,2.1,0.7,3.17734853
6,50,2.1,1.05,2.592669905
6,50,2.1,1.4,3.74722125
6,50,2.3,0.7,6.059289655
6,50,2.3,1.05,8.212267235
6,50,2.3,1.4,5.749600085
6,50,2.5,0.7,6.19458219
6,50,2.5,1.05,24.14959018
6,50,2.5,1.4,21.12649344
6,75,1.6,0.7,0.421248255
6,75,1.6,1.05,0.74635778
6,75,1.6,1.4,1.690187665
6,75,1.8,0.7,0.874340925
6,75,1.8,1.05,0.737498875
6,75,1.8,1.4,0.764132035
6,75,2,0.7,1.16090386
6,75,2,1.05,2.33812806
6,75,2,1.4,4.505327385
6,75,2.2,0.7,3.738256045
6,75,2.2,1.05,4.35728777
6,75,2.2,1.4,11.99178691
6,75,2.4,0.7,3.55753965
6,75,2.4,1.05,19.44473814
6,75,2.4,1.4,18.85629444
6,100,1.5,0.7,1.297602915
6,100,1.5,1.05,1.766962485
6,100,1.5,1.4,1.55379982
6,100,1.7,0.7,2.458336485
6,100,1.7,1.05,2.608886545
6,100,1.7,1.4,9.27425569
6,100,1.9,0.7,1.230991015
6,100,1.9,1.05,12.41231281
6,100,1.9,1.4,13.77882286
6,100,2.1,0.7,13.02767408
6,100,2.1,1.05,14.89652844
6,100,2.1,1.4,17.55796323
6,100,2.3,0.7,17.90994853
6,100,2.3,1.05,14.43700693
6,100,2.3,1.4,16.11451264
6,100,2.5,0.7,22.08445189
6,100,2.5,1.05,20.04377174
6,100,2.5,1.4,19.59464177
6,125,1.6,0.7,1.085871695
6,125,1.6,1.05,13.05591221
6,125,1.6,1.4,13.9894676
6,125,1.8,0.7,0.71230218
6,125,1.8,1.05,13.82702867
6,125,1.8,1.4,13.68365648
6,125,2,0.7,1.39624755
6,125,2,1.05,18.96923443
6,125,2,1.4,16.97832826
6,125,2.2,0.7,20.71585045
6,125,2.2,1.05,18.72782356
6,125,2.2,1.4,19.21279802
6,125,2.4,0.7,21.46815411
6,125,2.4,1.05,17.71837793
6,125,2.4,1.4,20.38441493
6,150,1.5,0.7,0.720294875
6,150,1.5,1.05,0.91101892
6,150,1.5,1.4,18.74742944
6,150,1.7,0.7,0.88429715
6,150,1.7,1.05,15.54963513
6,150,1.7,1.4,19.01081895
6,150,1.9,0.7,0.862449755
6,150,1.9,1.05,15.59957872
6,150,1.9,1.4,16.0481957
6,150,2.1,0.7,14.10560919
6,150,2.1,1.05,16.99550773
6,150,2.1,1.4,16.09093879
6,150,2.3,0.7,17.37752817
6,150,2.3,1.05,17.35029167
6,150,2.3,1.4,15.50390773
6,150,2.5,0.7,17.94230795
6,150,2.5,1.05,20.4220484
6,150,2.5,1.4,16.39896448
6,175,1.6,0.7,15.46033752
6,175,1.6,1.05,19.34627319
6,175,1.6,1.4,18.26674629
6,175,1.8,0.7,15.6975907
6,175,1.8,1.05,17.38876143
6,175,1.8,1.4,28.19387442
6,175,2,0.7,18.57465277
6,175,2,1.05,17.13837747
6,175,2,1.4,20.57800408
6,175,2.2,0.7,19.21437316
6,175,2.2,1.05,17.07134424
6,175,2.2,1.4,16.37818041
6,175,2.4,0.7,22.75940737
6,175,2.4,1.05,17.88724908
6,175,2.4,1.4,18.2698049
6,200,1.5,0.7,15.7409393
6,200,1.5,1.05,15.63951464
6,200,1.5,1.4,20.37627403
6,200,1.7,0.7,16.27981063
6,200,1.7,1.05,26.36648259
6,200,1.7,1.4,22.27744967
6,200,1.9,0.7,13.79168408
6,200,1.9,1.05,19.49920548
6,200,1.9,1.4,22.75615377
6,200,2.1,0.7,20.23517058
6,200,2.1,1.05,20.51055968
6,200,2.1,1.4,7.20144772
6,200,2.3,0.7,23.40856053
6,200,2.3,1.05,21.32481878
6,200,2.3,1.4,24.85532039
6,200,2.5,0.7,25.13038982
6,200,2.5,1.05,22.80520974
6,200,2.5,1.4,18.87405486
8,0,1.5,0.7,1.79906466
8,0,1.5,1.05,1.584290705
8,0,1.5,1.4,1.660902335
8,0,1.7,0.7,3.66459729
8,0,1.7,1.05,2.09191768
8,0,1.7,1.4,4.383226565
8,0,1.9,0.7,5.202961875
8,0,1.9,1.05,7.4669773
8,0,1.9,1.4,4.02889168
8,0,2.1,0.7,20.42346871
8,0,2.1,1.05,19.61008402
8,0,2.1,1.4,1.70359334
8,0,2.3,0.7,4.988631565
8,0,2.3,1.05,1.61534906
8,0,2.3,1.4,1.9665795
8,0,2.5,0.7,35.57965442
8,0,2.5,1.05,2.239210555
8,0,2.5,1.4,1.310974495
8,25,1.6,0.7,3.92030164
8,25,1.6,1.05,6.31753358
8,25,1.6,1.4,2.70571583
8,25,1.8,0.7,9.68552392
8,25,1.8,1.05,6.70508105
8,25,1.8,1.4,10.12589473
8,25,2,0.7,6.35420248
8,25,2,1.05,13.3530951
8,25,2,1.4,10.95345267
8,25,2.2,0.7,10.01264335
8,25,2.2,1.05,29.72036515
8,25,2.2,1.4,18.59106074
8,25,2.4,0.7,13.43877417
8,25,2.4,1.05,36.1300039
8,25,2.4,1.4,34.9592874
8,50,1.5,0.7,0.580645385
8,50,1.5,1.05,0.2835024
8,50,1.5,1.4,0.610162855
8,50,1.7,0.7,1.068200195
8,50,1.7,1.05,0.530468075
8,50,1.7,1.4,2.57808866
8,50,1.9,0.7,1.7688226
8,50,1.9,1.05,0.99036637
8,50,1.9,1.4,4.16800253
8,50,2.1,0.7,2.552720965
8,50,2.1,1.05,6.37566581
8,50,2.1,1.4,4.02354012
8,50,2.3,0.7,3.08157811
8,50,2.3,1.05,19.8553271
8,50,2.3,1.4,10.78723802
8,50,2.5,0.7,4.478213675
8,50,2.5,1.05,21.22377998
8,50,2.5,1.4,2.090443795
8,75,1.6,0.7,0.997970035
8,75,1.6,1.05,0.5029841
8,75,1.6,1.4,1.202600565
8,75,1.8,0.7,1.923480915
8,75,1.8,1.05,13.76810579
8,75,1.8,1.4,0.98540034
8,75,2,0.7,17.16436162
8,75,2,1.05,1.427589615
8,75,2,1.4,4.00071953
8,75,2.2,0.7,17.61099159
8,75,2.2,1.05,4.977815625
8,75,2.2,1.4,28.39669297
8,75,2.4,0.7,4.023762455
8,75,2.4,1.05,21.54221829
8,75,2.4,1.4,16.98524062
8,100,1.5,0.7,1.752622255
8,100,1.5,1.05,0.98552759
8,100,1.5,1.4,0.381889405
8,100,1.7,0.7,1.401898735
8,100,1.7,1.05,16.41218992
8,100,1.7,1.4,0.58207294
8,100,1.9,0.7,15.761628
8,100,1.9,1.05,21.01485876
8,100,1.9,1.4,1.09751429
8,100,2.1,0.7,18.09078329
8,100,2.1,1.05,27.92352784
8,100,2.1,1.4,2.174995185
8,100,2.3,0.7,20.89136195
8,100,2.3,1.05,30.80100966
8,100,2.3,1.4,15.90063296
8,100,2.5,0.7,3.691875515
8,100,2.5,1.05,29.25635883
8,100,2.5,1.4,37.2935421
8,125,1.6,0.7,0.555669225
8,125,1.6,1.05,1.54022802
8,125,1.6,1.4,1.772851885
8,125,1.8,0.7,17.40060132
8,125,1.8,1.05,1.15879333
8,125,1.8,1.4,1.74030975
8,125,2,0.7,1.26034766
8,125,2,1.05,16.96168832
8,125,2,1.4,17.09009911
8,125,2.2,0.7,21.53762106
8,125,2.2,1.05,23.23672095
8,125,2.2,1.4,17.31953869
8,125,2.4,0.7,22.84953928
8,125,2.4,1.05,24.81064122
8,125,2.4,1.4,24.46094024
8,150,1.5,0.7,15.37844109
8,150,1.5,1.05,16.36829634
8,150,1.5,1.4,1.90937273
8,150,1.7,0.7,13.29449274
8,150,1.7,1.05,18.11751563
8,150,1.7,1.4,24.27369623
8,150,1.9,0.7,21.12950211
8,150,1.9,1.05,2.87239936
8,150,1.9,1.4,18.21817377
8,150,2.1,0.7,23.11471414
8,150,2.1,1.05,25.97304787
8,150,2.1,1.4,11.0882812
8,150,2.3,0.7,25.69999832
8,150,2.3,1.05,24.84117849
8,150,2.3,1.4,21.82711212
8,150,2.5,0.7,20.32642785
8,150,2.5,1.05,28.80428434
8,150,2.5,1.4,23.14973202
8,175,1.6,0.7,9.44977179
8,175,1.6,1.05,13.35499867
8,175,1.6,1.4,12.54898462
8,175,1.8,0.7,9.934021545
8,175,1.8,1.05,22.54772138
8,175,1.8,1.4,19.39221531
8,175,2,0.7,19.87380413
8,175,2,1.05,30.09047112
8,175,2,1.4,35.5636307
8,175,2.2,0.7,21.70413423
8,175,2.2,1.05,26.32360299
8,175,2.2,1.4,21.14495698
8,175,2.4,0.7,25.05996553
8,175,2.4,1.05,26.33490468
8,175,2.4,1.4,26.17297952
8,200,1.5,0.7,19.75280611
8,200,1.5,1.05,13.41499684
8,200,1.5,1.4,15.70872909
8,200,1.7,0.7,21.33334446
8,200,1.7,1.05,13.53689275
8,200,1.7,1.4,12.99023395
8,200,1.9,0.7,21.89667604
8,200,1.9,1.05,22.53879111
8,200,1.9,1.4,21.90320458
8,200,2.1,0.7,25.87711604
8,200,2.1,1.05,22.34457401
8,200,2.1,1.4,20.82277737
8,200,2.3,0.7,25.5377981
8,200,2.3,1.05,23.16218558
8,200,2.3,1.4,21.21698051
8,200,2.5,0.7,31.19337179
8,200,2.5,1.05,23.35022337
8,200,2.5,1.4,22.21883225
10,0,1.5,0.7,2.484941625
10,0,1.5,1.05,1.995446115
10,0,1.5,1.4,1.59246101
10,0,1.7,0.7,3.93400999
10,0,1.7,1.05,4.202121115
10,0,1.7,1.4,2.09316675
10,0,1.9,0.7,6.404926035
10,0,1.9,1.05,2.301721065
10,0,1.9,1.4,2.207163845
10,0,2.1,0.7,19.13454141
10,0,2.1,1.05,1.59126824
10,0,2.1,1.4,1.47175539
10,0,2.3,0.7,8.552942635
10,0,2.3,1.05,1.48189301
10,0,2.3,1.4,1.22052988
10,0,2.5,0.7,2.17018344
10,0,2.5,1.05,1.78869854
10,0,2.5,1.4,1.23106499
10,25,1.6,0.7,3.236290435
10,25,1.6,1.05,4.48764365
10,25,1.6,1.4,5.52352907
10,25,1.8,0.7,4.301986835
10,25,1.8,1.05,7.23375999
10,25,1.8,1.4,6.765780615
10,25,2,0.7,9.176301185
10,25,2,1.05,11.53404773
10,25,2,1.4,8.83892428
10,25,2.2,0.7,23.76283092
10,25,2.2,1.05,8.484391765
10,25,2.2,1.4,1.75988664
10,25,2.4,0.7,31.26961212
10,25,2.4,1.05,32.82540015
10,25,2.4,1.4,12.38719482
10,50,1.5,0.7,0.39829036
10,50,1.5,1.05,1.309078795
10,50,1.5,1.4,1.787142455
10,50,1.7,0.7,2.04446714
10,50,1.7,1.05,0.80325155
10,50,1.7,1.4,2.6504243
10,50,1.9,0.7,4.3821171
10,50,1.9,1.05,1.884693735
10,50,1.9,1.4,5.6230742
10,50,2.1,0.7,8.18131518
10,50,2.1,1.05,18.25382211
10,50,2.1,1.4,8.43650171
10,50,2.3,0.7,18.80038505
10,50,2.3,1.05,23.0185344
10,50,2.3,1.4,18.32694408
10,50,2.5,0.7,17.63498946
10,50,2.5,1.05,8.159024855
10,50,2.5,1.4,1.883642545
10,75,1.6,0.7,2.55179376
10,75,1.6,1.05,3.982026465
10,75,1.6,1.4,0.91748268
10,75,1.8,0.7,3.71797517
10,75,1.8,1.05,13.02729787
10,75,1.8,1.4,15.57363845
10,75,2,0.7,7.923393555
10,75,2,1.05,19.17797565
10,75,2,1.4,21.90600339
10,75,2.2,0.7,22.52605105
10,75,2.2,1.05,25.9285469
10,75,2.2,1.4,30.17208591
10,75,2.4,0.7,18.19590629
10,75,2.4,1.05,31.50348043
10,75,2.4,1.4,33.23522319
10,100,1.5,0.7,2.03703113
10,100,1.5,1.05,16.70525583
10,100,1.5,1.4,14.96158266
10,100,1.7,0.7,16.76906101
10,100,1.7,1.05,19.32535098
10,100,1.7,1.4,18.86877373
10,100,1.9,0.7,20.10515772
10,100,1.9,1.05,22.11283985
10,100,1.9,1.4,22.68859384
10,100,2.1,0.7,23.38482757
10,100,2.1,1.05,26.33086888
10,100,2.1,1.4,23.24464829
10,100,2.3,0.7,27.22173275
10,100,2.3,1.05,31.89632291
10,100,2.3,1.4,2.769482045
10,100,2.5,0.7,32.82694581
10,100,2.5,1.05,29.88330736
10,100,2.5,1.4,2.558668295
10,125,1.6,0.7,11.46484409
10,125,1.6,1.05,14.31538651
10,125,1.6,1.4,12.51399667
10,125,1.8,0.7,18.52669987
10,125,1.8,1.05,18.84357803
10,125,1.8,1.4,16.15506253
10,125,2,0.7,22.17191514
10,125,2,1.05,25.99219371
10,125,2,1.4,28.12012429
10,125,2.2,0.7,31.32995625
10,125,2.2,1.05,31.12102655
10,125,2.2,1.4,36.94337918
10,125,2.4,0.7,32.85563771
10,125,2.4,1.05,27.64733324
10,125,2.4,1.4,24.46426331
10,150,1.5,0.7,17.50682348
10,150,1.5,1.05,11.86753321
10,150,1.5,1.4,9.39198196
10,150,1.7,0.7,22.64905122
10,150,1.7,1.05,27.76133619
10,150,1.7,1.4,30.75323761
10,150,1.9,0.7,25.18258923
10,150,1.9,1.05,32.25932257
10,150,1.9,1.4,36.26241233
10,150,2.1,0.7,26.25669384
10,150,2.1,1.05,27.06739447
10,150,2.1,1.4,21.90865338
10,150,2.3,0.7,31.35316374
10,150,2.3,1.05,26.99388042
10,150,2.3,1.4,18.95177967
10,150,2.5,0.7,34.61506059
10,150,2.5,1.05,25.0872446
10,150,2.5,1.4,2.04505332
10,175,1.6,0.7,23.03021044
10,175,1.6,1.05,26.78930236
10,175,1.6,1.4,24.08115478
10,175,1.8,0.7,24.72800972
10,175,1.8,1.05,32.54962845
10,175,1.8,1.4,41.38951944
10,175,2,0.7,24.41042384
10,175,2,1.05,24.18133668
10,175,2,1.4,34.30511905
10,175,2.2,0.7,26.09665248
10,175,2.2,1.05,22.71365938
10,175,2.2,1.4,24.91481805
10,175,2.4,0.7,28.60261435
10,175,2.4,1.05,21.88111405
10,175,2.4,1.4,16.87573066
10,200,1.5,0.7,24.87143932
10,200,1.5,1.05,23.6502444
10,200,1.5,1.4,30.34241852
10,200,1.7,0.7,22.84413083
10,200,1.7,1.05,25.15946955
10,200,1.7,1.4,23.55279285
10,200,1.9,0.7,24.82666369
10,200,1.9,1.05,20.82860256
10,200,1.9,1.4,19.70498165
10,200,2.1,0.7,27.94340729
10,200,2.1,1.05,19.37243051
10,200,2.1,1.4,16.46835299
10,200,2.3,0.7,32.16715351
10,200,2.3,1.05,18.66841468
10,200,2.3,1.4,19.93479405
10,200,2.5,0.7,36.31708483
10,200,2.5,1.05,2.874153325
10,200,2.5,1.4,2.48323922
12,0,1.5,0.7,2.817184975
12,0,1.5,1.05,2.8202735
12,0,1.5,1.4,1.94721929
12,0,1.7,0.7,2.837285865
12,0,1.7,1.05,1.65020764
12,0,1.7,1.4,1.79740427
12,0,1.9,0.7,7.80562971
12,0,1.9,1.05,1.83451679
12,0,1.9,1.4,1.573231545
12,0,2.1,0.7,2.102801175
12,0,2.1,1.05,8.535636925
12,0,2.1,1.4,1.41095575
12,0,2.3,0.7,21.10118362
12,0,2.3,1.05,1.371921215
12,0,2.3,1.4,1.305498525
12,0,2.5,0.7,32.83765951
12,0,2.5,1.05,1.307638845
12,0,2.5,1.4,1.138089705
12,25,1.6,0.7,1.904929865
12,25,1.6,1.05,3.52213153
12,25,1.6,1.4,1.38790277
12,25,1.8,0.7,5.997701515
12,25,1.8,1.05,4.88818575
12,25,1.8,1.4,7.573931395
12,25,2,0.7,12.52197107
12,25,2,1.05,11.66128167
12,25,2,1.4,13.06205261
12,25,2.2,0.7,37.68724288
12,25,2.2,1.05,33.68153487
12,25,2.2,1.4,1.891449785
12,25,2.4,0.7,50.83130521
12,25,2.4,1.05,10.10799107
12,25,2.4,1.4,1.300664185
12,50,1.5,0.7,1.16333293
12,50,1.5,1.05,3.115892155
12,50,1.5,1.4,2.65670081
12,50,1.7,0.7,4.555843875
12,50,1.7,1.05,2.579712
12,50,1.7,1.4,4.76844995
12,50,1.9,0.7,9.916262775
12,50,1.9,1.05,16.58984522
12,50,1.9,1.4,8.952703645
12,50,2.1,0.7,8.43442134
12,50,2.1,1.05,23.66746768
12,50,2.1,1.4,1.57108567
12,50,2.3,0.7,11.1407421
12,50,2.3,1.05,37.08072058
12,50,2.3,1.4,25.79438494
12,50,2.5,0.7,35.87166052
12,50,2.5,1.05,1.44766338
12,50,2.5,1.4,1.492311205
12,75,1.6,0.7,2.117595435
12,75,1.6,1.05,3.363703575
12,75,1.6,1.4,14.92657584
12,75,1.8,0.7,4.903521785
12,75,1.8,1.05,16.55792988
12,75,1.8,1.4,14.25681865
12,75,2,0.7,24.55175934
12,75,2,1.05,25.44355022
12,75,2,1.4,15.99058804
12,75,2.2,0.7,33.17701842
12,75,2.2,1.05,36.28859878
12,75,2.2,1.4,1.790871605
12,75,2.4,0.7,41.35446994
12,75,2.4,1.05,47.30570731
12,75,2.4,1.4,2.155238865
12,100,1.5,0.7,9.29353788
12,100,1.5,1.05,12.11958914
12,100,1.5,1.4,11.8038592
12,100,1.7,0.7,19.0194704
12,100,1.7,1.05,17.53314818
12,100,1.7,1.4,14.66705747
12,100,1.9,0.7,18.74793491
12,100,1.9,1.05,27.97689242
12,100,1.9,1.4,26.2044042
12,100,2.1,0.7,37.41047273
12,100,2.1,1.05,37.35179195
12,100,2.1,1.4,24.43435657
12,100,2.3,0.7,38.84055602
12,100,2.3,1.05,39.8601446
12,100,2.3,1.4,34.17278767
12,100,2.5,0.7,39.42386505
12,100,2.5,1.05,30.72339312
12,100,2.5,1.4,1.581840945
12,125,1.6,0.7,11.04265774
12,125,1.6,1.05,30.20966198
12,125,1.6,1.4,12.90936504
12,125,1.8,0.7,19.76653614
12,125,1.8,1.05,32.28743284
12,125,1.8,1.4,31.66129959
12,125,2,0.7,31.47662584
12,125,2,1.05,36.25284256
12,125,2,1.4,44.04477933
12,125,2.2,0.7,32.43359398
12,125,2.2,1.05,29.59553908
12,125,2.2,1.4,23.16476721
12,125,2.4,0.7,37.54951294
12,125,2.4,1.05,1.878474045
12,125,2.4,1.4,22.13553289
12,150,1.5,0.7,18.33169252
12,150,1.5,1.05,21.98816719
12,150,1.5,1.4,17.58409244
12,150,1.7,0.7,28.19673461
12,150,1.7,1.05,32.67804959
12,150,1.7,1.4,25.15656951
12,150,1.9,0.7,27.97876193
12,150,1.9,1.05,27.66069837
12,150,1.9,1.4,48.98711188
12,150,2.1,0.7,28.81046509
12,150,2.1,1.05,22.31453663
12,150,2.1,1.4,2.12203775
12,150,2.3,0.7,33.72884771
12,150,2.3,1.05,20.08719368
12,150,2.3,1.4,18.99845952
12,150,2.5,0.7,32.94164965
12,150,2.5,1.05,20.7900743
12,150,2.5,1.4,1.22973419
12,175,1.6,0.7,30.49768339
12,175,1.6,1.05,39.07880007
12,175,1.6,1.4,37.85625565
12,175,1.8,0.7,30.55014033
12,175,1.8,1.05,21.71498025
12,175,1.8,1.4,48.00469508
12,175,2,0.7,29.49511193
12,175,2,1.05,23.87025342
12,175,2,1.4,1.72323757
12,175,2.2,0.7,31.41051358
12,175,2.2,1.05,16.71189843
12,175,2.2,1.4,14.47445507
12,175,2.4,0.7,34.65747253
12,175,2.4,1.05,14.92602464
12,175,2.4,1.4,1.1411741
12,200,1.5,0.7,25.91147249
12,200,1.5,1.05,36.65199221
12,200,1.5,1.4,43.44795774
12,200,1.7,0.7,29.4756594
12,200,1.7,1.05,19.96334537
12,200,1.7,1.4,20.06653041
12,200,1.9,0.7,30.4019694
12,200,1.9,1.05,17.529669
12,200,1.9,1.4,2.84463563
12,200,2.1,0.7,32.08265752
12,200,2.1,1.05,14.89627256
12,200,2.1,1.4,1.731124215
12,200,2.3,0.7,32.63826111
12,200,2.3,1.05,1.35897464
12,200,2.3,1.4,3.196306215
12,200,2.5,0.7,36.1041867
12,200,2.5,1.05,1.31348703
12,200,2.5,1.4,1.069728395