formula,target
Ac1H2,30.9154
Ag1Al1O2,34.2327
Ag1Al1O2,49.2211
Ag1Al1S2,32.5879
Ag1Al1Se2,17.6489
Ag1Al1Te2,15.4393
Ag1As1Ba1,28.3141
Ag1As1Ca1,36.0368
Ag1As1S1,12.3086
Ag1As1Sr1,30.4051
Ag1Au1F4,12.2222
Ag1Au1Zn2,25.9944
Ag1Ba1P1,31.0349
Ag1Ba1,10.9346
Ag1Be2,82.9779
Ag1Bi1Ca1,21.138
Ag1Bi1Ca1,19.2232
Ag1Bi1K2,8.33897
Ag1Bi1Li2,13.9659
Ag1Bi1Yb1,20.7652
Ag1Br1,9.78566
Ag1Br1,11.0564
Ag1Br1,10.9116
Ag1Br2Cs1,6.44948
Ag1C1,13.0009
Ag1C2K1,13.3219
Ag1C2Li1,17.0545
Ag1Ca1P1,40.6839
Ag1Ca1Sb1,25.9516
Ag1Ca1,13.0578
Ag1Cd1Sb1,5.16666
Ag1Cd1,13.1851
Ag1Cl1,10.3327
Ag1Cl1,10.3287
Ag1Co1O2,44.5326
Ag1Cr2Te4,4.87635
Ag1Cu4Dy1,15.4923
Ag1Cu4Er1,20.4985
Ag1Cu4Nd1,29.511
Ag1Cu4Tb1,27.5078
Ag1Cu4U1,27.8055
Ag1Cu4Yb1,24.3509
Ag1Dy1Ge1,50.2931
Ag1Dy1Mg1,13.7627
Ag1Dy1Pb1,33.5023
Ag1Dy1Se2,21.5605
Ag1Dy1Se2,20.1899
Ag1Dy1Si1,53.9999
Ag1Dy1Sn1,39.1573
Ag1Dy1Te2,20.3957
Ag1Dy1,26.7189
Ag1Er1Ge1,51.3682
Ag1Er1Ge1,21.0479
Ag1Er1S2,26.8156
Ag1Er1Se2,22.3381
Ag1Er1Si1,56.2685
Ag1Er1Sn1,38.5785
Ag1Er1Sn1,36.9027
Ag1Er1,28.3288
Ag1F1,7.189210000000001
Ag1F3K1,14.4963
Ag1F3Rb1,17.2245
Ag1F3Zn1,31.821
Ag1Ga1O2,38.1351
Ag1Ga1S2,21.4874
Ag1Ga1Te2,16.0253
Ag1Ga1,14.2609
Ag1Gd1,17.8841
Ag1Ge1La1,38.3618
Ag1Ge1Tb1,21.6575
Ag1Hf1,41.2012
Ag1Hf2,48.3343
Ag1Ho1Pb1,32.9778
Ag1Ho1Se2,22.1645
Ag1Ho1Sn1,38.7516
Ag1Ho1,27.4957
Ag1I1,5.08336
Ag1I1,4.23405
Ag1I1,11.2584
Ag1In1O2,26.6377
Ag1In1S2,15.9626
Ag1In1Te2,12.7351
Ag1In2Na3,9.28715
Ag1In5Se8,13.1466
Ag1In5Te8,11.8548
Ag1K1O1,12.2646
Ag1La1Mg1,13.451
Ag1La1Pb1,31.4848
Ag1La1,11.753
Ag1La1,12.6245
Ag1Li1,11.7594
Ag1Li1,14.9382
Ag1Li2Sb1,19.1983
Ag1Mg1Sb1,13.5164
Ag1Mg1Y1,14.3676
Ag1Mg1,22.5797
Ag1Mn3N1,29.2627
Ag1N1,31.6582
Ag1Na1O1,24.1056
Ag1Nb1O3,88.9325
Ag1O1Rb1,10.1089
Ag1O2Sc1,30.8939
Ag1O2Y1,28.4199
Ag1O3Sb1,67.0471
Ag1P1Pd5,40.3004
Ag1P1Pt5,44.2714
Ag1P1Sr1,33.8513
Ag1Pb1Tb1,34.0086
Ag1Pb1Y1,32.6568
Ag1Pd3Se1,22.6436
Ag1Pt3,54.1644
Ag1Pt5Si1,54.0228
Ag1S3Ta1,34.0264
Ag1S3Ta1,32.9161
Ag1Sb3Zr5,59.99100000000001
Ag1Sc1,31.2594
Ag1Se1Tl1,11.5694
Ag1Si1Y1,53.833
Ag1Sn1Tb1,39.1718
Ag1Sr1,13.5338
Ag1Tb1,24.7684
Ag1Te1Tl1,10.6828
Ag1Te2Y1,19.4934
Ag1Th2,18.3489
Ag1Ti1,44.4517
Ag1Ti2,52.3196
Ag1Y1,34.2674
Ag1Yb1,8.55208
Ag1Zn1,18.4212
Ag1Zr1,39.8318
Ag1Zr2,34.2884
Ag1,23.7034
Ag2Al1Sc1,23.3542
Ag2Ba1Sn2,21.6225
Ag2Ba1Te2,13.6307
Ag2Ba1,14.1632
Ag2Ca1Ge2,25.6591
Ag2Ca1,14.6922
Ag2Dy1In1,20.1257
Ag2Dy1,24.3425
Ag2Er1In1,18.0475
Ag2Er1,27.5565
Ag2Ge1Li1,21.5575
Ag2Hg1I4,4.71106
Ag2Ho1In1,19.0459
Ag2Ho1,25.2027
Ag2In1La1,17.1599
Ag2In1Li1,14.8995
Ag2In1Mg1,21.7626
Ag2In1Sc1,17.5095
Ag2In1Tb1,21.3448
Ag2In1Y1,19.4227
Ag2La1Si2,52.9965
Ag2Li1Sn1,17.5022
Ag2Mo1O4,16.562
Ag2Na1,15.9328
Ag2O1,1.37277
Ag2S1,13.3255
Ag2S1,13.6319
Ag2Sc1,32.1643
Ag2Si2Sr1,39.0043
Ag2Si2Tb1,52.6362
Ag2Si2Yb1,36.5036
Ag2Sn2Sr1,18.1047
Ag2Sr1,16.1931
Ag2Tb1,22.0175
Ag2Th1,31.3596
Ag2Y1,25.7118
Ag2Yb1,15.5651
Ag3As1O4,16.2035
Ag3I1S1,8.55519
Ag3Na1S2,10.4381
Ag3O4P1,19.0541
Ag3P1S4,12.5931
Ag3Pt1,28.622
Ag5O6Pb2,14.9811
Ag5S4Sb1,11.7082
Ag8Ca19N7,20.849
Ag8Ca3,15.4785
Ag9In4,30.6145
Al0.4C0.2Mo0.6,66.4698
Al0.4C0.2Nb0.6,115.272
Al0.4C0.2Ta0.6,118.018
Al10V1,39.6493
Al16Hf6Os7,67.8841
Al16Hf6Pd7,77.5928
Al16Hf6Pt7,82.5195
Al16Hf6Rh7,59.383
Al16Ir7Sc6,72.7309
Al16Ni7Sc6,66.7567
Al16Os7Sc6,77.994
Al16Os7Zr6,67.4341
Al16Pd7Sc6,52.2526
Al16Pd7Ti6,69.695
Al16Pd7Zr6,80.1209
Al16Pt7Ti6,72.399
Al16Pt7Zr6,83.1316
Al16Rh7Sc6,65.8812
Al16Ru7Sc6,67.0049
Al16Ru7Zr6,56.688
Al18Cr2Mg3,52.9134
Al18Mg3Mn2,25.3083
Al18Mg3Mo2,52.6787
Al18Mg3Ta2,50.6731
Al18Mg3Ti2,45.1957
Al18Mg3V2,54.8405
Al18Mg3W2,59.4127
Al1As1,38.9599
Al1Au1Ca1,25.7851
Al1Au1Dy1,39.96
Al1Au1Er1,41.581
Al1Au1O2,68.0651
Al1Au1Y1,42.7155
Al1Au1Yb1,26.9018
Al1Au2Hf1,23.9681
Al1Au2Mn1,27.3675
Al1Au2Sc1,16.8456
Al1Au2Ti1,21.1276
Al1Au2,30.1104
Al1Au2,23.4401
Al1B1Be1,133.614
Al1Ba1Ge1,34.2148
Al1Ba1Si1,37.7146
Al1Bi1O3,115.826
Al1Bi1,22.6761
Al1C1Co3,83.08200000000001
Al1C1Dy3,58.4699
Al1C1Er3,65.4864
Al1C1Er3,15.383
Al1C1Gd3,51.6828
Al1C1Ho3,61.4448
Al1C1La3,33.187
Al1C1Sc3,80.5124
Al1C1Tb3,57.7903
Al1C1Tb3,11.9888
Al1C1Ti2,113.383
Al1C1Ti3,88.5194
Al1C1V2,116.886
Al1C1Y3,62.0334
Al1C1Zr2,92.473
Al1C3Nb4,147.60299999999998
Al1C3Ta4,132.64700000000002
Al1C3V4,152.748
Al1Ca1Si1,39.781
Al1Ca1Si1,38.7336
Al1Ca1Si1,39.3864
Al1Ca3Sb3,23.3542
Al1Cl4Cu1,6.49342
Al1Co2Hf1,70.9509
Al1Co2Mn1,56.59
Al1Co2Nb1,87.4073
Al1Co2Ta1,96.9437
Al1Co2Ti1,76.2483
Al1Cr1Cu2,37.6162
Al1Cr2,93.1331
Al1Cu1Er1,42.9259
Al1Cu1O2,75.874
Al1Cu1Ti2,40.6606
Al1Cu2Hf1,52.4532
Al1Cu2Re2,85.3648
Al1Cu2Sc1,45.0092
Al1Cu2Ti1,53.151
Al1Cu2Zr1,50.4784
Al1Dy1Ni1,34.4264
Al1Dy1Zn1,52.1736
Al1Dy1,35.23
Al1Dy3N1,66.6728
Al1Er1Ni1,41.6375
Al1Er1Pd1,35.1179
Al1Er1Zn1,50.5482
Al1Er1,43.4052
Al1Er2,32.9999
Al1Er3N1,71.142
Al1F3,76.3058
Al1F4Na1,40.6116
Al1F4Rb1,26.9955
Al1F5K2,14.0714
Al1F6K3,13.1563
Al1Fe2V1,158.231
Al1Gd1O3,109.83
Al1Ge1Li1,52.4666
Al1Ge1Sc1,50.8302
Al1Ge1Sr1,34.8867
Al1Ge1Y1,55.5097
Al1H3,32.6478
Al1H4Na1,22.7498
Al1H4Th2,52.8914
Al1Hf1Ni2,35.7486
Al1Hf1Pd2,13.3644
Al1Hf1Pt1,69.2615
Al1Hf1,74.6765
Al1Hf2,52.8378
Al1Ho1Ni1,40.2984
Al1Ho2,31.4079
Al1Ho3N1,69.4905
Al1Ir1Th1,44.0084
Al1Ir1,119.654
Al1K1O2,38.3929
Al1K1Te2,11.7749
Al1La1O3,130.07299999999998
Al1La1,33.7241
Al1La3N1,42.582
Al1La3,16.4821
Al1La3,15.8614
Al1Li1O2,52.0525
Al1Li1Si1,55.4704
Al1Li1Te2,13.8082
Al1Li1,30.7801
Al1Li1,33.7012
Al1Li2Pd1,26.0476
Al1Li2Pt1,36.9064
Al1Li2Rh1,35.0487
Al1Li5O4,51.77
Al1Lu3N1,98.1564
Al1Mg1Y1,44.7103
Al1Mg3Pt2,44.398
Al1Mn1Ni2,59.9223
Al1Mn1Pd2,33.5524
Al1Mn1Pt1,54.7774
Al1Mn1Rh2,84.4098
Al1Mn1Ti2,28.7437
Al1Mo3,113.908
Al1N1Tb3,65.2431
Al1N1Zr2,88.7348
Al1N1Zr3,89.6327
Al1N1,213.815
Al1N1,122.203
Al1N1,121.954
Al1N1,121.409
Al1N1,118.837
Al1N3Ta4,104.093
Al1N3V4,106.455
Al1Nb1Ru2,130.33
Al1Ni1,77.8808
Al1Ni2V1,59.2787
Al1Ni3,56.06100000000001
Al1O2Rb1,42.756
Al1O3Y1,111.946
Al1O3Y1,83.0635
Al1O4P1,39.4099
Al1Os1,113.239
Al1P1,46.3929
Al1P1,45.9054
Al1Pd1Tb1,24.1416
Al1Pd1Tb1,30.7014
Al1Pd1Th1,28.3812
Al1Pd1Y1,30.5127
Al1Pd1Y1,28.1938
Al1Pd1,51.2341
Al1Pd1,61.5123
Al1Pd5,46.2551
Al1Pt1Th1,38.7143
Al1Pt1Ti1,57.1209
Al1Pt1Zr1,61.1141
Al1Pt1Zr1,46.9857
Al1Pt1,42.1388
Al1Pt1,74.859
Al1Pt2,59.3576
Al1Pt3,70.7868
Al1Pt3,68.2604
Al1Re1,51.2276
Al1Re2,137.619
Al1Rh1Th1,38.943000000000005
Al1Rh1,105.15
Al1Ru1,96.6456
Al1Sb1,30.7103
Al1Sc1,35.7872
Al1Sc2Si2,68.0774
Al1Sc2,45.0131
Al1Se2Tl1,14.2197
Al1Si1Sr1,39.1042
Al1Si1Y1,63.1812
Al1Sn3Zr5,64.4177
Al1Ta2,55.4775
Al1Tb1,34.7501
Al1Tb1,41.861
Al1Tb2,28.4362
Al1Tb3,30.0666
Al1Tc2,112.034
Al1Th1,40.7361
Al1Ti1Zr2,36.5249
Al1Ti1,66.6863
Al1Ti3,64.3718
Al1Y1Zn1,55.0322
Al1Y1,35.1237
Al1Y1,35.8292
Al1Y2,29.7262
Al1Y3,31.389
Al1Zr1,67.3865
Al1Zr2,40.8237
Al1Zr2,54.3468
Al1Zr3,56.7269
Al20La1Ti2,53.7629
Al20La1V2,54.7887
Al20Pr1V2,61.0969
Al20Ti2Yb1,52.7427
Al2Au1,31.4044
Al2Au2Dy1,37.7841
Al2Au2Sr1,27.4135
Al2Au2Th1,51.219
Al2B1Re3,86.5471
Al2B2Ru3,98.1855
Al2Ba1Ge2,32.6236
Al2Ba1Si2,25.1737
Al2Ba1Si2,35.8531
Al2Ba1,31.4109
Al2C3Th2,92.0811
Al2Ca1,43.1928
Al2Cd1O4,68.9282
Al2Cd1Se4,26.1026
Al2Cd1Te4,15.7338
Al2Co1O4,93.6272
Al2Co1Y1,44.5518
Al2Co1Zr6,53.1622
Al2Cu1Mg1,47.065
Al2Dy1,57.9259
Al2Dy3,30.8928
Al2Er1Ni1,51.5808
Al2Er1,60.605
Al2Er3,36.1772
Al2Fe1Zr6,48.5531
Al2Fe3Si4,108.937
Al2Ge1La2,45.1408
Al2Hf1,86.6593
Al2Hf3,61.8446
Al2Hf6Pt1,63.4816
Al2Hg1S4,22.2437
Al2Hg1S4,32.825
Al2Hg1Se4,24.4762
Al2Hg1Te4,15.8941
Al2Ho1,59.3047
Al2Ho3,34.0672
Al2I1La2,32.9624
Al2Ir1Li1,61.6907
Al2La1,45.2709
Al2La5Ru3,27.8653
Al2Li1Pt1,63.3948
Al2Li1Rh1,59.0132
Al2Mg1O4,98.1655
Al2Mg1O4,116.601
Al2Mg1,19.0372
Al2Mn1S4,33.7917
Al2N1Nb3,115.382
Al2Ni1Y1,52.8463
Al2Ni1Zr6,51.8881
Al2O3,146.201
Al2O4Zn1,109.007
Al2O5Si1,89.04299999999999
Al2O5Si1,115.807
Al2Os1,144.967
Al2Pb1S4,20.6539
Al2Pd1,31.5375
Al2Pd5U1,47.1458
Al2Pd5Y1,56.9606
Al2Pt1,31.4481
Al2Ru1,104.706
Al2Ru1,127.387
Al2S4Sr1,21.5553
Al2S4Zn1,46.6202
Al2Sc1,66.5687
Al2Se4Sr1,18.2694
Al2Se4Zn1,34.9151
Al2Sr1,36.7942
Al2Tb1,56.8041
Al2Tb3,29.2788
Al2Te4Zn1,19.1892
Al2Th1,60.6511
Al2Th1,44.9052
Al2Th3,27.1579
Al2Y1,60.878
Al2Y3,34.7055
Al2Yb1,43.146
Al2Zr1,86.0324
Al2Zr1,86.49600000000001
Al2Zr1,86.3684
Al2Zr1,86.5333
Al2Zr3,54.5936
Al3B2Ru4,110.769
Al3B6Ni20,81.1813
Al3C1Zr5,66.3827
Al3C3Dy1,136.934
Al3C3Er1,138.863
Al3C3Gd1,131.511
Al3C3Ho1,137.847
Al3C3Sc1,137.85
Al3C3Tb1,135.15
Al3C3Y1,135.287
Al3C4Hf2,156.059
Al3C4Zr2,148.935
Al3Dy1,57.6368
Al3Dy1,48.4342
Al3Dy1,60.8933
Al3Er1Ni2,70.9294
Al3Er1,61.7631
Al3Hf1,79.717
Al3Hf1,84.5204
Al3Hf4,86.4651
Al3Hf5N1,56.9549
Al3Ho1,61.44
Al3Ir1,44.8847
Al3Ir1,69.6397
Al3La1Pd2,49.6809
Al3Li1,41.3042
Al3Nb1,103.346
Al3Ni1,66.3202
Al3Ni2Th1,67.8319
Al3Ni2,84.4965
Al3Os1U2,59.1016
Al3Os2,120.215
Al3Pr1,61.9775
Al3Pt5,57.5654
Al3Ru2,70.9047
Al3Sc1,60.6497
Al3Sc1,59.2489
Al3Ta1,98.1166
Al3Th1,41.4406
Al3Ti1,51.4369
Al3U1,60.8111
Al3V1,97.4769
Al3Y1,59.5354
Al3Yb1,53.5418
Al3Zr1,83.6622
Al3Zr1,53.6974
Al3Zr4,79.7546
Al4Ba1,31.3634
Al4C1O4,67.3448
Al4C4Si1,66.5837
Al4C4Th1,99.7216
Al4Ce1Ni1,66.3167
Al4Co1La1,59.6701
Al4Cu9,45.0751
Al4Er1Ni1,60.82899999999999
Al4In3Sr11,14.2046
Al4La1,25.0327
Al4Ni1Tb1,60.231
Al4Ni3,86.1635
Al4Zr5,46.06100000000001
Al5Ba5Sn1,16.9659
Al5C3N1,112.236
Al5C3N1,113.149
Al5W1,95.1584
Al6Mn1,64.8827
Al6Re1,71.1316
Al6Tc1,71.1338
Al7Cu16Yb6,37.6697
Al7Cu16Zr6,69.4182
Al7Th2,51.403
Al8Dy1Mn4,88.9763
Al8Er1Mn4,90.1867
Al8Fe4La1,48.591
Al8Fe4Y1,39.8976
Al8Mo3,103.262
Al9Ba1Co2,63.3263
Al9Ba1Ni2,47.7773
Al9Co2Sr1,64.2909
As12Os4Th1,91.6409
As1Au1Ba1,30.2616
As1Au1Ca1,28.6543
As1B1,124.448
As1B2P1,141.984
As1Ba1Cu1,34.2332
As1Ba1Li1,22.9624
As1Ba1Pd1,23.4753
As1Ba1Pt1,23.1446
As1Be1Na1,33.7987
As1Bi1O4,38.6177
As1Br3Ca3,22.4937
As1C1Nb2,118.741
As1C1V3,66.7581
As1Ca1Rb1,10.7912
As1Ca2,29.8489
As1Ca3Cl3,25.198
As1Ca3N1,51.8255
As1Ca3N1,45.0625
As1Cd1K1,17.3694
As1Cd1Li1,30.1033
As1Cd1Li1,2.73508
As1Cd1Pd5,44.8511
As1Cd1Pt5,56.2765
As1Co1Nb1,84.6671
As1Co1S1,99.2889
As1Co1S1,99.5404
As1Cr1Ni1,63.6009
As1Cr1,44.7282
As1Cu1K2,10.5362
As1Cu1S1,27.571
As1Cu1Sr1,40.7894
As1Cu3S4,25.8549
As1Cu3,37.4389
As1Dy1O4,56.0443
As1Dy1Pd1,51.6086
As1Dy1,50.6182
As1Er1Pt1,48.479
As1Er1,52.059
As1F6Na1,8.79376
As1Fe1Li1,47.8561
As1Fe1Li1,82.0465
As1Fe1Nb1,56.7259
As1Ga1,40.8123
As1Ga1,41.2214
As1Ga1,25.2336
As1Ga1,40.8343
As1Gd1,48.3711
As1Ge1,37.0892
As1Hf1Ru1,81.9486
As1Hf1,61.4513
As1Hg1K1,14.6855
As1Hg1Pd5,37.4675
As1Ho1,51.3318
As1In1Pt5,64.0018
As1In1,25.7349
As1In1,25.7024
As1In1,26.1537
As1K1Mg1,18.8445
As1K1Zn1,21.0241
As1K3S3,7.83553
As1K3Se3,7.069439999999999
As1La1Te1,34.8096
As1La1,40.7637
As1Li1Mg1,37.6606
As1Li1Zn1,42.953
As1Mg1Na1,19.8993
As1Mg1Pt5,68.4803
As1Mn1Pd2,22.3304
As1Mn1Ru1,63.7991
As1Na1Sr1,26.1878
As1Na1,26.1547
As1Na3S3,11.7232
As1Na3Se3,9.62502
As1Na3,14.6404
As1Na3,13.3045
As1Nb1Ni1,75.1961
As1Nb1,85.8105
As1Nb3Te3,46.7455
As1Nd1,43.4134
As1Ni1S1,54.6779
As1Ni1Se1,50.9293
As1Ni1,48.5739
As1O4Sc1,66.9593
As1O4Tb1,54.5138
As1Pa1,57.5952
As1Pb3Zr5,62.9127
As1Pd1Se1,31.3047
As1Pd1Sr1,26.8249
As1Pd1Tb1,51.3134
As1Pd2,32.2073
As1Pd5Sb1,17.2724
As1Pd5Tl1,46.99
As1Pt1Sr1,28.2467
As1Pt5Tl1,50.7645
As1Pt5Zn1,65.8464
As1Pu1,17.994
As1Pu1,45.2569
As1Rb3Se16,3.86183
As1Rh1Ti1,74.0194
As1Rh2,74.0754
As1Rh2,49.6106
As1Ru1Zr1,84.1715
As1Sb3Zr5,56.5355
As1Sc1,51.8482
As1Sn1,35.1129
As1Sr1,23.7469
As1Sr2,22.207
As1Tb1,49.9182
As1Te1,24.3896
As1Th1,33.6208
As1Th1,39.1055
As1Ti1,57.5637
As1Ti3,49.0941
As1Tl1,18.7576
As1U1,9.18979
As1V3,100.619
As1Y1,49.6308
As1Zn1,37.3445
As1Zr1,64.9747
As1Zr1,56.2099
As1,29.0961
As2Ba1Cu2,26.2641
As2Ba1Ge2,26.9894
As2Ba1Pd2,35.9495
As2Ba1Rh2,42.2167
As2Ba1Ru2,41.1028
As2Ba1Zn2,31.1862
As2Ba1Zn2,26.217
As2Ba2Cd1,20.153
As2Ca1Cd2,30.6587
As2Ca1Fe2,65.8442
As2Ca1Mg2,36.2179
As2Ca1Pd2,27.0643
As2Ca1Ru2,57.4819
As2Ca2Cd1,26.5522
As2Cd1Si1,30.7442
As2Cd1Sr2,24.1197
As2Cd1,18.6175
As2Cd3,14.4643
As2Co1,87.5661
As2Cs1Rh2,32.087
As2Cu1Er1,55.5383
As2Cu1Y1,53.9374
As2Dy2Ni1,50.5918
As2Er1Ni4,61.3166
As2Ge1Mg1,25.6439
As2Ge1Zn1,37.239
As2Ge1Zn1,37.311
As2Hf1,75.7912
As2Hf3,66.15100000000001
As2Hg1O6,38.7526
As2Ho2Ni1,50.0044
As2Ir2La1,64.2912
As2K2Ni1,12.1975
As2La1Ni2,59.7709
As2La1Rh2,54.3276
As2Mg3,32.1617
As2Mg3,26.635
As2Mg3,27.2856
As2Ni1Tb2,50.3019
As2Ni1U1,54.8241
As2Ni1,47.5362
As2Ni1,46.2535
As2Ni2U1,48.9915
As2O3,5.17245
As2O6Sr1,56.1952
As2Os1,119.299
As2Pd1,42.6853
As2Pt1,81.858
As2Rh2Sr1,25.6896
As2Ru1,105.182
As2Ru2Sr1,45.8662
As2Sc3,51.5402
As2Si1,43.3862
As2Sn1Zn1,29.8945
As2Th1,49.0473
As2Zn3,25.4014
As2Zr1,71.7084
As2Zr1,32.2965
As2Zr3,61.961000000000006
As3Co1,81.6127
As3Co1,81.4043
As3Co1,81.638
As3Co1,81.7741
As3Co1,81.7529
As3Co1,81.6127
As3Co1,81.4805
As3Ir1,84.4634
As3Ir1,84.4788
As3Ir1,84.4634
As3La4,30.488000000000003
As3Rh1,70.8902
As3Rh1,71.0397
As3V5,80.6824
As3Yb4,26.6923
As4Ca3In2,27.8566
As4Ge3,29.1186
As4Mg1,25.5644
As4Mo5,85.2055
As4Mo5,88.2622
As4Na8Ti1,13.277
As4O6,6.74
As4Pa3,55.2665
As4Sn3,19.7683
As4Th3,51.9188
As6Ru7U4,84.6489
As7Ho2Ni12,52.5565
As7Mg6Ni16,53.07
As7Re3,79.0975
Au1Ba1P1,32.7796
Au1Ba1Sb1,26.4373
Au1Ba1,13.9001
Au1Be5,117.844
Au1Bi1Ca1,21.5896
Au1Bi1Li2,10.4285
Au1C2Cs1,12.7099
Au1C2K1,16.6129
Au1C2Li1,22.9718
Au1C2Rb1,14.7529
Au1Ca1Cd1,18.1179
Au1Ca1Ga1,24.4339
Au1Ca1In1,18.774
Au1Ca1In2,26.9035
Au1Ca1P1,34.3122
Au1Ca1Sb1,22.7214
Au1Ca1,16.179000000000002
Au1Ca2N1,30.1224
Au1Ca3N1,30.8296
Au1Ca3,10.5154
Au1Cd1La1,16.4012
Au1Cd1Sb1,11.9432
Au1Cd1Yb1,17.6688
Au1Cd1,13.6564
Au1Cd1,16.7126
Au1Cl3Cs1,11.7102
Au1Cs1,7.06757
Au1Cu3,48.9293
Au1Cu4Dy1,22.1162
Au1Cu4Tb1,15.8928
Au1Dy1Ge1,44.4089
Au1Dy1In1,39.035
Au1Dy1Pb1,30.5857
Au1Dy1Sn1,40.8505
Au1Dy1Sn1,33.5142
Au1Dy1,29.6842
Au1Dy2,19.5814
Au1Er1In1,39.3722
Au1Er1Ni4,70.8077
Au1Er1Pb1,30.9018
Au1Er1Sn1,40.202
Au1Er1Sn1,35.7198
Au1Er1,32.1915
Au1Er2,20.7146
Au1F4K1,9.99142
Au1Ga1O2,53.625
Au1Ga1Zr1,55.264
Au1Ga2,16.3916
Au1Gd1,23.8621
Au1Gd1,16.3932
Au1Ge1Ho1,29.2195
Au1Ge1Sc1,41.5669
Au1Ge1Tb1,45.3499
Au1Ge1Y1,44.2439
Au1Ge4Rb3,9.10504
Au1H3Ti3,68.2139
Au1Hf1,58.1804
Au1Hf2,55.6611
Au1Ho1In1,38.96
Au1Ho1Ni4,66.1587
Au1Ho1Pb1,30.4586
Au1Ho1Sn1,40.4423
Au1Ho1Sn1,34.5292
Au1Ho1Sn1,32.6497
Au1Ho1,31.253
Au1Ho2,19.6498
Au1In1La1,27.1577
Au1In1Li2,18.9376
Au1In1O2,34.6362
Au1In1Tb1,38.5522
Au1In1Y1,40.3792
Au1In1Yb1,21.7913
Au1In2Na3,8.23354
Au1In2,19.7371
Au1K1Se1,6.43667
Au1K1Se2,9.34114
Au1K1Te1,13.8933
Au1K3O1,11.7236
Au1La1O3,46.8393
Au1La1Pb1,31.7775
Au1La1,11.3888
Au1La1,18.5581
Au1La2,12.9226
Au1Li1Sb1,3.7784
Au1Li2Sb1,19.6196
Au1Li2Sn1,19.542
Au1Li2Tl1,10.3824
Au1Li3,8.6145
Au1Lu1Sn1,36.7443
Au1Mg1Sn1,27.5993
Au1Mg1Yb1,18.6371
Au1Mg1,28.7336
Au1Mn1Sb1,18.2789
Au1Mn1Sn1,18.1898
Au1Mn1,31.0343
Au1Mn2,26.045
Au1Nb3,61.193000000000005
Au1Ni4Tb1,66.1536
Au1O1Rb1,11.1172
Au1O1Rb3,9.45658
Au1O2Rb1,12.4272
Au1O2Sc1,39.4848
Au1O2Y1,28.7946
Au1Pb1Tb1,31.0617
Au1Pb1Y1,30.2521
Au1Pb4Rb3,6.03975
Au1Pd3,48.4436
Au1Rb1Te1,14.1677
Au1Rb1,8.062330000000001
Au1S1Ta5,72.7906
Au1S2V1,48.1316
Au1Sb1Yb1,22.3248
Au1Sb2,19.3861
Au1Sc1Si1,58.3337
Au1Sc1Sn1,35.6477
Au1Sc1Sn1,34.1863
Au1Sc1,41.4191
Au1Si1Th1,61.3441
Au1Si1Y1,36.9997
Au1Sn1Tb1,40.9202
Au1Sn1Tb1,33.8601
Au1Sn1Y1,40.0362
Au1Sn1Y1,32.9891
Au1Sn1,15.5035
Au1Sn4,12.3513
Au1Ta3,59.4105
Au1Tb1,28.2521
Au1Tb2,18.6896
Au1Th1,23.0615
Au1Ti1,41.1534
Au1Ti1,50.6617
Au1Ti3,52.2827
Au1Y1,30.3376
Au1Y2,19.8529
Au1Yb1,14.1942
Au1Yb1,20.1697
Au1Zn1,23.0968
Au1Zn3,28.3323
Au1Zr2,44.9212
Au1Zr3,41.1993
Au2Ba1,17.8049
Au2Be1,31.2149
Au2Bi1Dy5,19.9875
Au2Bi1Tb5,20.7846
Au2Bi1,26.5625
Au2Br6Cs2,5.60005
Au2Ca1Ge2,19.9173
Au2Ca1Si2,36.5645
Au2Ca1,14.2243
Au2Ca2Pb1,20.9086
Au2Cl6Cs2,11.7159
Au2Dy1In1,22.5602
Au2Dy1Si2,45.6709
Au2Dy1,36.2354
Au2Er1In1,20.2433
Au2Er1,39.1171
Au2Er2Sn1,30.494
Au2Ga1,23.1175
Au2Ga2Sr1,20.5272
Au2Ge2Th1,15.8982
Au2Hf1In1,28.1846
Au2Ho1In1,21.2332
Au2Ho1Si2,43.5591
Au2Ho1,36.7489
Au2Ho5Sb1,22.5926
Au2In1Tb1,24.0742
Au2In1Tb2,29.6879
Au2In1Th1,14.9582
Au2In1Ti1,17.8105
Au2In1U1,17.5608
Au2In1Y1,21.0687
Au2In1Zr1,28.2433
Au2In2Sr1,15.9469
Au2Mn1,23.2106
Au2Nb1,59.4529
Au2Nb3,59.473
Au2Nb3,53.937
Au2P3,30.2555
Au2S1,5.70553
Au2Sc1,44.4166
Au2Si2Sr1,41.0859
Au2Si2Tb1,47.3193
Au2Si2Th1,34.9619
Au2Si2Yb1,37.3043
Au2Sn1U1,14.8565
Au2Tb1,34.3779
Au2Th1,36.9856
Au2Ti1,35.9034
Au2V1,32.0235
Au2Y1,35.5028
Au2Yb1,18.4869
Au3Ca5,14.5547
Au3Cu1,39.5206
Au3Dy3Sb4,38.7175
Au3Er3Sb4,39.7287
Au3Ge1Na1,19.4147
Au3Ho3Sb4,39.0918
Au3K1Sn3,13.3818
Au3K2,13.1963
Au3La3Sb4,34.9529
Au3Li1,15.8944
Au3Na1Si1,23.2029
Au3Rb2,13.3758
Au3Sb4Tb3,38.5968
Au3Sb4Y3,37.7873
Au3Sr7,8.04813
Au3Zn1,27.9255
Au4Cr1,27.3061
Au4Hf1,40.7912
Au4Ho1,27.8145
Au4In2K1,17.7606
Au4Li15,13.1409
Au4Ti1,30.2231
Au4Yb1,16.6462
Au4Zr1,39.8581
Au5K1,22.7251
Au5Rb1,21.5208
Au6In5Na2,21.1719
Au7Cd16Na6,13.9833
Au7I1P10,33.8229
Au7I1P10,34.8704
Au9In4,24.1223
B12Dy1,211.354
B12Er1,211.61900000000003
B12H12Tl2,4.31411
B12Hf1,192.287
B12Ho1,212.534
B12Ni1,140.157
B12Sc1,187.866
B12Sc1,198.798
B12Tb1,212.905
B12Th1,201.511
B12U1,221.255
B12Y1,210.231
B12Yb1,185.138
B12Zr1,202.752
B1Be2,136.525
B1Bi1,61.2994
B1C1Li1,132.303
B1C1Mo2,180.718
B1C2N1,419.336
B1C2N1,411.593
B1C2Sc2,71.3405
B1C5,373.362
B1C7,454.751
B1C7,348.421
B1C7,404.146
B1Ce1Rh3,62.1609
B1Co1Re1,115.718
B1Co1W1,196.107
B1Dy1Rh3,89.8141
B1Er1Rh3,90.4982
B1F5Li2,25.2902
B1Fe1W1,141.685
B1Fe2,48.0521
B1Ge3Nb5,110.686
B1Ge3Ta5,108.268
B1H4Na1,12.4896
B1H4Na1,12.5613
B1Hf1Rh3,102.297
B1Hf1,88.9122
B1Ho1Rh3,89.8848
B1In1La3,25.9459
B1In1Sc3,54.5727
B1Ir1Mg1,77.4034
B1Ir3Sc1,113.186
B1Ir6Zr2,145.083
B1La1Pt2,36.0648
B1La1Rh3,54.0893
B1Li2Pd3,30.5607
B1Li3N2,48.5187
B1Lu1Rh3,96.4006
B1Mg8Pt4,34.806
B1Mg8Rh4,29.0538
B1Mo1,198.568
B1Mo1,190.262
B1Mo2,142.811
B1N1,76.4554
B1N1,70.9695
B1N1,383.364
B1N1,22.3851
B1N1,214.774
B1N1,154.781
B1N1,73.2687
B1N1,72.9378
B1N1,71.4082
B1N1,80.5123
B1Nb1Ni1,140.907
B1Nb1O4,146.953
B1Ni3,75.2808
B1Ni4Tb1,72.7883
B1Ni6Si2,77.5816
B1O4Ta1,156.102
B1Os1,219.18
B1P1,163.42700000000002
B1Pb1Sc3,64.3656
B1Pd2,48.4306
B1Pd3Yb1,16.2499
B1Pt1,49.9835
B1Pt1,98.6836
B1Pt2Y1,51.9353
B1Rh1,99.4715
B1Rh3Sc1,97.2977
B1Rh3Tb1,89.1184
B1Rh3Y1,86.8349
B1Rh3Zr1,96.3315
B1Rh6Ti2,104.842
B1S3Tb1,27.1017
B1Sb1,83.7027
B1Sc3Sn1,66.8349
B1Sc3Tl1,54.0045
B1Sn3Zr5,72.9075
B1Ta1,205.822
B1Ta2,175.675
B1Tc1,170.90900000000002
B1Tc1,192.011
B1Tc1,90.7762
B1Tc3,141.16
B1Ti1,184.565
B1V1,218.681
B1W1,194.564
B1W1,186.014
B1Zr1,86.4251
B1,87.7272
B28,235.923
B2Ba1Rh2,48.529
B2Be1C2,153.144
B2C1Sc1,145.727
B2C1U1,148.13299999999998
B2C2Ca1,81.4271
B2C2Ca1,95.6248
B2C2Dy1,123.463
B2C2Er1,123.236
B2C2Gd1,112.989
B2C2La1,114.415
B2C2Mg1,103.438
B2C2Sc1,145.689
B2C2Tb1,112.461
B2C2Y1,108.531
B2Ca1Rh3,103.66
B2Ca1,105.72
B2Ce1Ir3,115.237
B2Co2Y1,105.117
B2Co3Y1,127.109
B2Dy1Os1,128.388
B2Fe1,232.537
B2Fe1,112.297
B2Gd1,123.802
B2Hf1,244.497
B2Hf3Ir5,120.549
B2Ho1Os1,129.579
B2Ho1Ru3,81.1447
B2Ir1Mo2,143.153
B2Ir1V2,159.556
B2Ir3Th1,130.52700000000002
B2Ir6Sn5,52.6355
B2Li2Rh3,80.2333
B2Mg1Ni3,86.9569
B2Mg1,116.426
B2Mn1,111.453
B2Mo1,157.993
B2Mo2Nb1,165.997
B2Mo2Os1,157.601
B2Mo2Ru1,149.769
B2Mo3,165.99599999999998
B2Nb1Ni1,174.75
B2Nb3,168.68
B2Os1Tb1,127.495
B2Pd5,48.983
B2Re1,270.047
B2Ru1Y1,106.284
B2Ru1,174.35299999999998
B2Ru3Tb1,83.4031
B2Sc1,136.132
B2Sc1,185.716
B2Si1V5,165.74599999999998
B2Ta1,185.591
B2Ta3,179.39700000000002
B2Tc1,245.576
B2Ti1,237.262
B2V1,230.786
B2W1,213.397
B2W1,215.739
B2Y1,151.22299999999998
B2Zr1,228.781
B3C1Nb3,186.406
B3Co1W3,205.286
B3H12Y1,17.3461
B3Nb2,209.295
B3Ni1W3,193.185
B3Os2,205.501
B3Ru2,174.733
B3V2,226.448
B4Cr1,258.248
B4Cr1,250.83900000000003
B4Dy1Rh4,91.8943
B4Er1Rh4,91.2623
B4Fe1,177.17
B4H16Hf1,5.81964
B4Hf1Ir3,106.626
B4Ho1Rh4,90.5604
B4In5Ir9,81.2708
B4Ir3Zr1,112.192
B4Mn1,235.502
B4Mo1U1,197.325
B4Nb3,200.973
B4Os3Sc1,175.127
B4Re1Th1,167.44799999999998
B4Re1U1,200.704
B4Rh4Tb1,89.3848
B4Rh4Th1,84.6099
B4Rh4Y1,92.907
B4Ta3,199.133
B4Th1W1,175.815
B4Ti3,205.221
B4V3,222.205
B6Ba1,130.222
B6Ca1,85.4684
B6Ce2Ni21,59.9348
B6Dy1,63.4007
B6Er1,59.8431
B6Gd1,76.3096
B6H6K2,9.77161
B6Hf2Ni21,78.3276
B6Hf3Ni20,79.581
B6Ho1,63.1052
B6K1,104.408
B6La1,110.64
B6Ni20Sc3,75.4675
B6Ni20Ta3,88.9151
B6Ni21U2,64.9906
B6Ni21Zr2,75.3208
B6Os1Y2,189.459
B6Pu1,99.2488
B6Re1Y2,184.343
B6Ru1Y2,181.639
B6Sr1,110.915
B6Ta5,203.785
B6Tb1,72.8525
B6Th1,106.696
B6Y1,64.5407
B6Yb1,79.402
B7Mn1Y3,145.111
B7Mo3Y1,183.072
B7Re1Y3,142.33700000000002
B7W1Y3,148.518
B8Nb7Ru6,168.042
B9Li1,182.544
Ba1Be13,96.1777
Ba1Be2N2,61.9904
Ba1Bi1Na1,16.6426
Ba1Bi1O3,55.2983
Ba1Br1H1,15.9332
Ba1C2,16.6224
Ba1C4O4,19.8638
Ba1Ca1Ge1,17.8742
Ba1Ca1Pb1,16.236
Ba1Ca1Sn1,17.6174
Ba1Cd1Ge1,24.6889
Ba1Cd1,13.7644
Ba1Cd2Ge2,17.769000000000002
Ba1Cd2,8.478019999999999
Ba1Ce1N2,51.4339
Ba1Ce1O3,51.9036
Ba1Ce1O3,54.4672
Ba1Cl2,12.9388
Ba1Cl2,12.4996
Ba1Co1O2,30.8224
Ba1Cr1S2,25.9716
Ba1Cu1Sb1,30.1283
Ba1Cu2S2,29.1971
Ba1Cu2S2,31.6167
Ba1Cu2Sb2,30.2956
Ba1Cu2Se2,23.293000000000003
Ba1Cu2Te2,21.3826
Ba1Cu3O4,39.0946
Ba1F3Li1,42.4103
Ba1F4Mg1,29.5919
Ba1F4Ni1,28.0318
Ba1F4Pd1,16.8141
Ba1Fe1O3,73.8705
Ba1Ga2Se4,14.6112
Ba1Ga2,24.1547
Ba1Ga4,30.931
Ba1Ge12Pt4,20.4559
Ba1Ge1Pt1,22.5945
Ba1Ge1Zn1,28.5194
Ba1Ge2P2,30.7249
Ba1Ge3Ir1,45.5917
Ba1Ge3Pd1,33.0842
Ba1Ge3Pt1,39.5018
Ba1H1I1,13.8549
Ba1H3Li1,6.329280000000001
Ba1H3Li1,39.6624
Ba1Hf1N2,44.4591
Ba1Hg1S2,16.6648
Ba1Hg1Sn1,20.7463
Ba1Hg1,14.4955
Ba1Hg2Tl2,10.8115
Ba1I2,7.56986
Ba1In2Rh1,22.6361
Ba1In2,21.5479
Ba1In4Ir1,31.2414
Ba1In4,19.7444
Ba1Ir1P1,35.5456
Ba1Ir2P2,52.8728
Ba1Li1P1,29.6687
Ba1Li1P1,24.6089
Ba1Li1Sb1,23.3092
Ba1Li1Si1,17.3784
Ba1Mg2Si2,40.5821
Ba1Mg4Si3,42.6944
Ba1Mn1O3,68.8823
Ba1Mo3Se3,30.412
Ba1Mo3Te3,28.5607
Ba1N2Zr1,41.7686
Ba1Na1P1,22.3242
Ba1Nb1O3,86.1442
Ba1Nb4O6,111.48
Ba1Nb7O9,123.059
Ba1Ni1Sn3,28.2565
Ba1O1,28.4045
Ba1O2,37.826
Ba1O3Pa1,30.3948
Ba1O3Pb1,61.0742
Ba1O3Pb1,15.227
Ba1O3Pr1,54.6723
Ba1O3Pu1,57.0776
Ba1O3Ru1,47.8553
Ba1O3Sn1,82.4841
Ba1O3Tb1,46.6386
Ba1O3Th1,44.5861
Ba1O3Ti1,79.6195
Ba1O3Ti1,106.57
Ba1O3Zr1,91.0252
Ba1O4S1,19.8484
Ba1O6Te2,33.8546
Ba1O7U2,35.8744
Ba1Os2P2,49.8526
Ba1Os4Sb12,52.5555
Ba1P1Pt1,31.6647
Ba1P2Rh2,49.46
Ba1P2Ru2,50.6105
Ba1Pb1Zn1,21.72
Ba1Pb6Rh3,26.1828
Ba1Pd1S2,14.6376
Ba1Pd1Si1,24.1605
Ba1Pd1Si3,42.0692
Ba1Pd1Sn3,20.4327
Ba1Pd1,14.8427
Ba1Pt1Sb1,21.7037
Ba1Pt1Si1,29.1339
Ba1Pt1Si3,53.5623
Ba1Pt1Sn3,23.2866
Ba1Pt1,19.9604
Ba1Pt2,36.224
Ba1Pt5,60.18
Ba1Ru2Sb2,42.3097
Ba1S1,24.487
Ba1S3Zr1,33.6958
Ba1S3,19.237
Ba1Se1,21.3093
Ba1Se1,17.3248
Ba1Si1Zn1,31.0517
Ba1Si2Zn2,47.2998
Ba1Si2,33.2778
Ba1Sn1Zn1,24.4352
Ba1Sn1,16.1083
Ba1Te1,14.5297
Ba1Te1,16.5656
Ba1Te2,15.0264
Ba1Te3,15.4745
Ba1Tl2,17.2872
Ba1Zn13,48.9859
Ba1Zn1,15.3945
Ba1,3.85914
Ba1,4.63406
Ba2Bi3,15.8243
Ba2Cd1,9.89214
Ba2F6Pd1,19.3463
Ba2Ge1,11.6589
Ba2Ge4S10,13.399
Ba2Hf1S4,30.5697
Ba2Hg1,10.0205
Ba2N2Zn1,22.9641
Ba2O4Zr1,55.9163
Ba2Sb1,14.8144
Ba2Si1,12.028
Ba2Si46,50.1495
Ba2Sn1,10.3423
Ba3Bi1N1,10.8174
Ba3Cr1N3,19.6664
Ba3Cr1S5,20.3762
Ba3Ge5,23.3873
Ba3Mn1N3,22.2303
Ba3O1Pb1,24.4138
Ba3O1Sn1,25.4836
Ba3O5Si1,40.6267
Ba3P4,19.224
Ba3Pb5,15.1379
Ba3S5Ti1,21.4368
Ba3Sn5,17.3505
Ba4Bi3,12.0714
Ba5Sb4,14.1191
Ba5Sn3,13.6866
Ba6C60,40.5485
Ba6Mg23,15.2275
Ba6Si46,47.1701
Ba8Si46,37.0118
Be13Ca1,123.031
Be13Ce1,129.108
Be13Dy1,123.304
Be13Er1,123.04
Be13Hf1,140.939
Be13Ho1,123.316
Be13La1,110.345
Be13Lu1,122.192
Be13Mg1,99.2055
Be13Pa1,128.481
Be13Sb1,77.6648
Be13Sc1,116.103
Be13Sr1,116.007
Be13Tb1,122.755
Be13Th1,118.316
Be13U1,138.3
Be13Zr1,140.33
Be1C1N2,292.511
Be1C1N2,292.285
Be1Cl2,10.9692
Be1Co1,117.704
Be1Cs1F3,25.2177
Be1Cu1,64.8486
Be1F2,20.3938
Be1H3Na1,50.4941
Be1Hf1Si1,118.263
Be1Hf1,61.9621
Be1Li1P1,44.0202
Be1Li1Sb1,46.8786
Be1Mo3,103.033
Be1N2Si1,173.91299999999998
Be1N2Si1,175.259
Be1Na1Sb1,24.232
Be1Ni1,102.871
Be1O1,155.59
Be1O1,134.987
Be1Pd1,33.6697
Be1Pd2,56.7871
Be1Pd3,36.0099
Be1Rh1,92.2128
Be1S1,83.8146
Be1Se1,67.4314
Be1Ta2,123.594
Be1Te1,39.3972
Be1Ti1,68.813
Be1Zn13,28.3996
Be22Mo1,149.797
Be22Re1,151.936
Be22Tc1,150.452
Be22W1,151.928
Be2C1,231.835
Be2Cs1F5,4.88564
Be2Cu1,119.982
Be2Fe1,122.369
Be2Hf1,104.339
Be2Nb1,107.039
Be2Nb3,81.9258
Be2Re1,173.891
Be2Si1,50.2261
Be2Ta1,127.291
Be2Ta3,110.776
Be2Ti1,108.374
Be2V1,132.591
Be2W1,167.99599999999998
Be2Zr1,96.0126
Be3N2,177.173
Be3N2,186.533
Be3P2,80.9284
Be3P2,71.9333
Be4Ca2N4,63.7384
Be4N4Sr2,70.7238
Be5Co1,128.477
Be5Fe1,124.593
Be5Hf1,111.007
Be5Pd1,123.408
Be5Pt1,154.204
Be5Sc1,101.866
Bi1Ca1Cu1,28.7285
Bi1Ca2,22.0317
Bi1Ca3N1,46.6457
Bi1Co1O3,24.3113
Bi1Co1Zr1,62.8457
Bi1Cr1O3,78.4726
Bi1Cs3O3,5.63509
Bi1Cu1Mg1,26.4678
Bi1Cu1Sr1,28.2282
Bi1Cu1Yb1,27.4566
Bi1Dy1Ni1,48.9913
Bi1Dy1Pd1,36.1744
Bi1Dy1Pt1,40.8033
Bi1Dy1Rh1,38.7031
Bi1Dy1,31.9971
Bi1Dy2O2,34.6725
Bi1Er1Pt1,40.0554
Bi1Er1,32.3819
Bi1Er2O2,34.3529
Bi1Er5Pt2,21.2643
Bi1F4K1,21.4383
Bi1F4Rb1,17.3944
Bi1Fe1O3,68.4832
Bi1Ga1O3,92.9318
Bi1Ga1O3,43.788
Bi1Ga1,20.0667
Bi1Ho1Ni1,49.9108
Bi1Ho1Pd1,36.3466
Bi1Ho1Pt1,40.4764
Bi1Ho1,32.0032
Bi1Ho2O2,34.7699
Bi1In1O3,57.6425
Bi1In1O3,45.0513
Bi1In1O3,53.7045
Bi1In1,14.513
Bi1Ir1S1,71.6259
Bi1Ir1Se1,66.5469
Bi1K3Se3,7.10923
Bi1K3Te3,5.48686
Bi1K3,6.18953
Bi1K3,5.77245
Bi1La1,25.8958
Bi1Li1Mg1,22.3933
Bi1Li1Sr1,23.0865
Bi1Li1Zn1,18.3225
Bi1Li1,10.2563
Bi1Li3,21.715
Bi1Lu1Ni1,47.4814
Bi1Mg1Ni1,33.1868
Bi1N1Sr3,36.5131
Bi1N2Th2,28.1826
Bi1Na1,14.1892
Bi1Nb3,62.2102
Bi1Nd1Pd1,33.9729
Bi1Ni1Sc1,50.3003
Bi1Ni1Se1,37.8766
Bi1Ni1Y1,49.2201
Bi1Ni1Zr1,39.4577
Bi1O2Y2,33.2069
Bi1O2,45.3571
Bi1O3Rb3,7.817069999999999
Bi1O3Rh1,65.9479
Bi1O3Sc1,70.2258
Bi1O4V1,37.4898
Bi1Pb1Pd2,23.1646
Bi1Pd1Se1,23.571
Bi1Pd1Te1,23.3455
Bi1Pd1Y1,35.9706
Bi1Pd1Yb1,15.9958
Bi1Pt1Se1,30.6792
Bi1Pt1Te1,31.9049
Bi1Pt1Yb1,22.9006
Bi1Pt1,16.8856
Bi1Rb3Se3,6.011019999999999
Bi1Rb3,4.28653
Bi1Rb3,5.20349
Bi1Rh1S1,57.4898
Bi1Rh1Se1,53.2161
Bi1Rh1,32.3034
Bi1Sc1,30.2689
Bi1Tb1,30.5522
Bi1Th1,28.4433
Bi1Ti2,21.831
Bi1U1,25.4993
Bi1Y1,30.6014
Bi1,4.695880000000001
Bi1,16.7406
Bi2Co1Hf6,62.0954
Bi2Cu1Zr6,50.1337
Bi2Er6Mn1,37.3113
Bi2Ho6Rh1,24.1127
Bi2Ir1,47.2357
Bi2Ir2O7,83.3448
Bi2Mg1O6,62.7305
Bi2O2Se1,29.3365
Bi2O3,20.0376
Bi2O3,14.1347
Bi2O3,25.6124
Bi2O7Pt2,78.0858
Bi2O7Rh2,70.5491
Bi2O7Ru2,95.5536
Bi2O7Ru2,71.6833
Bi2O7Sn2,66.7544
Bi2O7Ti2,74.5479
Bi2Pd3S2,15.5591
Bi2Pd5,28.3782
Bi2Pt1,23.4
Bi2Th1,26.9177
Bi3La4,23.5667
Bi3Ni1,13.05
Bi3Sr1,12.5029
Bi3Sr4,14.0892
Bi3Tb4,26.8287
Bi3Tb5,30.6469
Bi4Ce3Pt3,42.0696
Bi4Cu4Mn3,26.7237
Bi4La3Pt3,25.8492
Bi4Th3,35.4618
Bi5La3Mg1,14.207
Bi5La3Sc1,25.7609
Br1Cs1,6.69455
Br1Cs1,4.77199
Br1Cu1,9.51071
Br1Cu1,13.2385
Br1Cu1,11.8334
Br1Eu1I1,11.9733
Br1F1Sr1,19.0161
Br1H4N1,9.2643
Br1In1,7.918019999999999
Br1In5Se5,14.2678
Br1K1,7.30057
Br1K1,7.944439999999999
Br1K3O1,12.5832
Br1La5Sb3,33.9291
Br1La5Sn3,28.6166
Br1Li3O1,35.8611
Br1Mo1S1,33.8243
Br1Na1O3,14.6456
Br1Na1O3,15.2206
Br1Na1O3,15.9495
Br1Na1,10.4276
Br1O1Rb3,10.0861
Br1O4Y3,36.8624
Br1Rb1,7.34254
Br1Se2Tl5,9.85813
Br1Tl1,5.834280000000001
Br1Tl1,7.94768
Br1Tl1,6.54863
Br1,3.12586
Br2Ca1,10.3149
Br2H12Sr7,25.9313
Br3Ca1In1,6.87816
Br3Cs1Dy1,9.92444
Br3Cs1Ge1,12.5055
Br3Cs1Hg1,8.11402
Br3Cs1Mg1,6.0372
Br3Cs1Pb1,7.985519999999999
Br3Cs1Sn1,8.46313
Br3Ga1La3,22.9622
Br4K2Pd1,5.952000000000001
Br4K2Pt1,5.88687
Br4Si1,0.712742
Br4Ti1,0.6524939999999999
Br5Cs1Sn2,5.77115
Br5Pb2Rb1,7.84673
Br6Cs2Pt1,4.803640000000001
Br6Cs2Sn1,3.74084
Br6Cs2Te1,4.309159999999999
Br6K2Pt1,6.06005
Br6K2Re1,5.84215
Br6K2Se1,5.47693
Br6K2Sn1,4.20815
Br6K2Te1,4.57394
Br6K2Te1,5.21413
Br6Pd1Rb2,6.0513900000000005
Br6Rb2Sn1,3.96827
Br6Rb2Te1,4.43288
Br8Li6Mg1,14.8454
Br9Rb3Sb2,4.9532
C11N4,425.174
C11N4,264.603
C1Ca1O3,21.4344
C1Ca1Pd3,16.6683
C1Cd1,25.3362
C1Ce1,72.8587
C1Co2Mo4,106.434
C1Co2Ta4,110.39
C1Cr1,224.943
C1Cr1,87.8191
C1Cr2Ga1,63.3691
C1Cr3Nb3,119.788
C1Dy1Rh3,77.5014
C1Dy3Ga1,17.8771
C1Dy3In1,59.957
C1Dy3Pb1,58.0406
C1Dy3Sn1,61.3079
C1Dy3Tl1,12.1921
C1Dy5Ge3,43.1529
C1Er1Rh3,79.8946
C1Er3Ga1,18.6439
C1Er3Tl1,12.349
C1Er5Ge3,45.6871
C1Fe6W6,80.6232
C1Ga1Ho3,18.6515
C1Ga1Nb2,109.923
C1Ga1Sc2,56.0225
C1Ga1Sc3,82.6278
C1Ga1Ta2,109.606
C1Ga1Ti2,110.301
C1Ga1Y3,61.5448
C1Ge1Ni3,54.0073
C1Ge1Ti2,95.0563
C1Ge1V2,101.773
C1Ge1,147.253
C1Ge1,100.997
C1Ge3Mo5,92.3753
C1H1N1,192.098
C1H1,151.607
C1Hf1,185.706
C1Hf1,29.7138
C1Hf2In1,95.2567
C1Hf2S1,126.276
C1Hf3Zn3,73.0731
C1Ho1Rh3,78.9042
C1Ho3Tl1,12.4936
C1In1La3,33.7198
C1In1Nb2,100.762
C1In1Pt3,18.5802
C1In1Sc3,78.5781
C1In1Ti2,97.331
C1In1Y3,62.0308
C1In1Zr2,85.3012
C1Ir1,91.8915
C1Ir1,82.8468
C1K4O4,14.1104
C1La3Pb1,39.3962
C1La3Tl1,33.3955
C1Li2O3,46.468
C1Li4O4,31.2539
C1Lu1Rh3,82.2434
C1Lu3Sn1,71.7827
C1Mg1N2,139.583
C1Mg3Zn1,36.0567
C1Mn3Sn1,45.3543
C1Mn3Zn1,45.7223
C1Mo1,181.109
C1Mo1,27.7715
C1Mo1,136.809
C1Mo1,234.593
C1Mo4Ni2,120.678
C1N2,93.562
C1N2,352.815
C1N2,302.58
C1Na4O4,13.3117
C1Na4O4,14.6118
C1Nb1Ru3,147.097
C1Nb1,201.772
C1Nb1,76.5578
C1Nb1,31.8632
C1Nb1,86.4356
C1Nb1,138.882
C1Nb2P1,137.344
C1Nb2S1,95.5822
C1Nb2,127.443
C1Nb3Ni3,90.0281
C1Nb4Ni2,93.0228
C1Nb4Rh2,49.0809
C1Nb4Zn2,86.1291
C1Ni1,69.5103
C1Ni2Ta4,105.929
C1Ni2W4,139.41299999999998
C1Ni3Zn1,44.7535
C1O2,2.29548
C1O2,2.82514
C1O2,123.782
C1O3Sr1,29.4488
C1Os1,124.474
C1Os1,100.097
C1Os2Zr4,79.4066
C1Pa1,77.7165
C1Pb1Pd3,31.9704
C1Pb1Sc3,70.4854
C1Pb1Ti2,69.6375
C1Pb1Y3,39.6654
C1Pd1,47.056
C1Pt1,66.8829
C1Pt1,25.4461
C1Pt1,42.6618
C1Pu1Rh3,11.8183
C1Pu1Ru3,74.0801
C1Re1,237.633
C1Re1,157.79399999999998
C1Re2,256.279
C1Rh1,66.1628
C1Rh1,62.4881
C1Rh3Sc1,87.5244
C1Rh3Tb1,76.2995
C1Rh3Y1,77.3229
C1Rh3Yb1,66.3743
C1Ru1,18.5393
C1Ru1,16.1078
C1Ru1,97.0561
C1Ru3Sc1,145.547
C1Ru3Ta1,144.488
C1Ru3Th1,112.106
C1Ru3V1,156.173
C1Ru3Zr1,157.07399999999998
C1S1Zr2,113.178
C1Sc1,69.843
C1Sc1,43.0434
C1Sc3Sn1,75.2363
C1Sc3Tl1,78.0154
C1Si1,187.749
C1Si1,185.135
C1Si1,186.629
C1Si1,186.598
C1Si1,176.416
C1Si1,188.579
C1Si1,186.557
C1Si1,186.572
C1Si1,186.489
C1Si1,186.837
C1Si1,186.914
C1Si1,186.999
C1Sn1Ti2,80.6449
C1Sn1Y3,61.5135
C1Sn1,76.9655
C1Sn1,85.6568
C1Ta1,201.073
C1Ta1,47.6581
C1Ta1,85.4259
C1Tb3Tl1,11.2758
C1Tc1,69.8152
C1Tc1,30.492
C1Th1,88.4978
C1Ti1,177.762
C1Ti2Tl1,87.1951
C1Ti2,68.7119
C1Ti3Tl1,82.9119
C1Tl1Y3,61.7243
C1Tl1Zr2,77.8054
C1Tl1,32.6696
C1V1,215.561
C1V2,115.072
C1W1,272.31
C1W1,177.91400000000002
C1W1,226.507
C1W1,38.3378
C1W2,162.696
C1W2,152.42700000000002
C1Y1,64.3648
C1Y1,15.3201
C1Zn3Zr3,65.3327
C1Zr1,156.986
C1Zr1,30.2085
C1,452.263
C1,517.924
C1,453.332
C1,420.54
C1,470.604
C1,90.4593
C1,63.1745
C1,523.491
C1,522.884
C1,522.474
C1,241.496
C1,510.47
C1,526.4630000000001
C20,193.003
C2Cd1N2,3.98418
C2Co1Ho1,92.8254
C2Co1Sc1,105.481
C2Co1Tb1,91.0653
C2Co1Th1,90.1388
C2Cr1Sc1,103.456
C2Cs2Pt1,15.0041
C2Cu1Rb1,14.2714
C2Dy1Ni1,101.244
C2Dy1,40.4996
C2Dy2Re1,74.2576
C2Er1,41.5483
C2Er2Re1,77.7527
C2Gd1Mo1,100.14
C2Ge1Ti3,124.592
C2Ho1Ni1,101.074
C2Ho1,41.8845
C2Ir1,97.5426
C2La1,35.1071
C2Mg1,31.099
C2N2Zn1,6.899030000000001
C2Na1,111.163
C2Na2Pd1,23.0544
C2Na2,13.4149
C2Ni1Tb1,99.765
C2Os1,189.066
C2Os1,200.269
C2Pu1W1,128.406
C2Re1Y2,72.5076
C2Re1,203.829
C2Re1,194.551
C2Re1,222.344
C2Si1Ti3,134.143
C2Si1,98.6352
C2Sn1Ti3,103.159
C2Tb1,40.741
C2U1W1,62.6914
C2U1W1,131.179
C2U1,82.9027
C2W1Y1,116.218
C2Y1,39.1733
C3Ce2,84.9626
C3Ir5,60.8849
C3N4,314.03700000000003
C3N4,174.041
C3N4,375.916
C3N4,377.122
C3Nb4Si1,129.031
C3Nb4,139.996
C3Nb8Zn4,83.2591
C3Sc4,62.5423
C3Yb2,43.0277
C60K6,14.1672
C60Rb6,14.0054
C60Sr6,35.242
C6Cr3W20,122.979
C7V8,172.68200000000002
C8Cs1,64.5218
C8,219.561
Ca1Cd1Ge1,36.6211
Ca1Cd1Pb1,20.5949
Ca1Cd1Sn1,23.6487
Ca1Cd1,21.3049
Ca1Cd2P2,35.8285
Ca1Cd2,24.057
Ca1Cd2,23.7653
Ca1Cl2,12.800999999999998
Ca1Cl2,11.3858
Ca1Cs1F3,26.8264
Ca1Cs1H3,19.6289
Ca1Cu1F4,36.2461
Ca1F2,35.5991
Ca1F2,28.2117
Ca1F3K1,25.1503
Ca1F3Rb1,26.2781
Ca1F4Pd1,32.2201
Ca1F6Pb1,21.7116
Ca1F6Sn1,23.1592
Ca1Ga1Ge1,32.1403
Ca1Ga2P2,48.5333
Ca1Ga2,43.6195
Ca1Ga2,30.4565
Ca1Ge1Mg1,38.961
Ca1Ge1N2,50.2937
Ca1Ge1Zn1,40.6894
Ca1Ge2Ir2,67.0102
Ca1Ge2Li1,29.2933
Ca1Ge2Rh2,56.5268
Ca1Ge2Ru2,48.7204
Ca1Ge2,33.5223
Ca1H2,33.8732
Ca1H2,31.2187
Ca1H3Rb1,19.5311
Ca1Hg1Sn1,22.3801
Ca1Hg1,23.2141
Ca1Hg3,11.4586
Ca1In1Pt1,26.3865
Ca1In1Rh1,23.9095
Ca1In1,19.1404
Ca1In2O4,40.4029
Ca1In2P2,36.5709
Ca1In2Pd1,25.7957
Ca1In2,28.4349
Ca1In4Pd1,24.0667
Ca1In4Rh1,34.1998
Ca1Ir1Si3,44.0665
Ca1Ir1Sn2,35.0279
Ca1Ir2P2,48.6756
Ca1Ir2,69.5119
Ca1Li1N1,40.63
Ca1Li1Si2,35.5112
Ca1Mg1Si1,40.9523
Ca1Mg2,17.7739
Ca1Mg2,17.8189
Ca1Mn1O2.98,92.2197
Ca1Mn1O3,96.6525
Ca1Mn1O3,56.7275
Ca1Mn7O12,68.9835
Ca1N1Ni1,52.216
Ca1N2O6,11.3559
Ca1N2,39.7189
Ca1Ni2,38.6512
Ca1O1,34.111
Ca1O2,45.3686
Ca1O3Pt1,71.2995
Ca1O3Rh1,71.7347
Ca1O3Ru1,75.5187
Ca1O3Si1,150.41899999999998
Ca1O3Si1,142.252
Ca1O3Si1,116.052
Ca1O3Si1,101.78
Ca1O3Sn1,75.6286
Ca1O3Tc1,83.5833
Ca1O3Ti1,104.821
Ca1O3Ti1,102.919
Ca1O3Ti1,101.167
Ca1O3Zr1,84.9057
Ca1O3Zr1,81.8055
Ca1O4Pd3,50.5659
Ca1O4S1,33.7867
Ca1O4Tl2,41.9478
Ca1P1,33.3292
Ca1P2Pd2,47.1041
Ca1P2Rh2,75.0004
Ca1P2Ru2,80.5024
Ca1Pb1Pd1,23.4396
Ca1Pb1Sr1,17.6794
Ca1Pb1Zn1,22.9328
Ca1Pb1,19.9291
Ca1Pd1Sn2,20.303
Ca1Pd1,23.4866
Ca1Pd2Si2,39.5855
Ca1Pd2,35.1634
Ca1Pd5,45.9569
Ca1Pt1Si1,22.8374
Ca1Pt1Si3,41.5738
Ca1Pt1Sn1,26.342
Ca1Pt2,57.7912
Ca1Pt2,43.6748
Ca1Pt5,68.69
Ca1Rh2Si2,76.1422
Ca1Rh2,47.5757
Ca1S1,38.9633
Ca1S3Zr1,36.6306
Ca1Se1,5.72876
Ca1Si1,39.0912
Ca1Si2Zn2,40.7795
Ca1Si2,40.0246
Ca1Si3,45.006
Ca1Sn1Sr1,19.4128
Ca1Sn1Zn1,34.631
Ca1Sn1Zn1,25.0676
Ca1Sn3,24.3057
Ca1Te1,23.3872
Ca1Tl1,16.1318
Ca1Tl3,12.1796
Ca1Zn13,45.2521
Ca1Zn1,11.4207
Ca1,7.74843
Ca2Ge1,20.973000000000003
Ca2Ge2Ni3,40.3887
Ca2H1N1,39.7447
Ca2H6Ru1,41.2434
Ca2I1N1,32.2018
Ca2N2Zn1,44.6417
Ca2Nb2O7,92.6434
Ca2O4Pb1,51.993
Ca2O4Sn1,60.1214
Ca2O7Ta2,97.7883
Ca2Pb1,14.9457
Ca2Sb1,26.0125
Ca2Si1,21.9906
Ca2Si1,19.9813
Ca2Sn1,17.0323
Ca3Cl3P1,26.9127
Ca3Co4Sn13,22.6237
Ca3Cr1N3,49.2899
Ca3Ga4Ni4,30.5826
Ca3Ga5,34.055
Ca3Ge13Ir4,50.0357
Ca3Ge13Rh4,39.4445
Ca3Ge1N1,35.0265
Ca3Ge1O1,49.57
Ca3H2Pb1,24.7412
Ca3Hg1,9.477
Ca3Hg1,8.68507
Ca3Hg2,13.0324
Ca3Ir4Si4,49.928
Ca3Ir4Sn13,25.0203
Ca3N1P1,53.3355
Ca3N1Pb1,8.465639999999999
Ca3N1Sb1,10.6303
Ca3N1Sn1,9.36061
Ca3N1Tl1,33.7599
Ca3N2,33.8451
Ca3N2,33.9351
Ca3N2,33.8479
Ca3N2,33.8358
Ca3N2,33.9587
Ca3N3V1,49.56
Ca3O1Pb1,43.5936
Ca3O1Sn1,45.476000000000006
Ca3Rh4Sn13,22.33
Ca3Tl1,9.6795
Ca4Cl6O1,15.8241
Ca4Hg9,10.9298
Ca5H1Sn3,23.6587
Ca5In2Sb6,19.8891
Ca5P8,37.5381
Ca5Sb3,25.7462
Ca7Cl2H12,33.9317
Ca7Ge1,7.87138
Cd11La1,27.198
Cd11Na2,16.7642
Cd11Th1,30.1493
Cd13Cs1,24.7651
Cd13K1,26.0962
Cd1Cl3Cs1,14.5437
Cd1Cl8Na6,12.5747
Cd1Co1Dy4,26.8854
Cd1Co1Ho4,27.7084
Cd1Co1La4,18.1381
Cd1Cr2S4,30.6384
Cd1Cr2Se4,24.1896
Cd1Cs1F3,24.7205
Cd1Cu1Dy1,29.2751
Cd1Cu1F4,33.836
Cd1Cu1Sb1,4.65336
Cd1Cu2Zr1,54.3777
Cd1Cu4Er1,48.2549
Cd1Cu4Yb1,18.1119
Cd1Dy1Ga1,48.8242
Cd1Dy1Ni4,49.1231
Cd1Dy1,24.3487
Cd1Dy2Ge2,49.302
Cd1Dy2S4,22.924
Cd1Dy2Se4,18.0784
Cd1Dy2Te4,13.1501
Cd1Dy4Rh1,29.6775
Cd1Er1Ga1,50.9827
Cd1Er1Ni4,54.8518
Cd1Er1,25.1596
Cd1Er2Ge2,49.104
Cd1Er2S4,23.6469
Cd1Er2Se4,18.5394
Cd1F2,28.4979
Cd1F3K1,22.0152
Cd1F3Rb1,23.6285
Cd1Ga2O4,55.7267
Cd1Gd1,23.2074
Cd1Ge1Sr1,28.0621
Cd1Ge2Tb2,48.3253
Cd1Hf1,33.9353
Cd1Hf2,36.2211
Cd1Hg2Ti1,20.7841
Cd1Ho1Ni4,49.6131
Cd1Ho1,26.287
Cd1Ho2S4,23.1596
Cd1Ho2Se4,18.3177
Cd1Ho4Rh1,29.8038
Cd1I2,5.03448
Cd1In2O4,47.0139
Cd1In2O4,47.2284
Cd1In2S4,22.8751
Cd1In2Se4,14.8117
Cd1In2Se4,17.1146
Cd1La1Pd1,24.4271
Cd1La1Tl1,25.4621
Cd1La1,18.952
Cd1La2Rh2,22.9009
Cd1La4Ru1,19.7906
Cd1Li2Pb1,11.4381
Cd1Li2Sb1,10.8823
Cd1Lu2S4,25.1901
Cd1Mg1,21.0612
Cd1Mn2O4,41.6642
Cd1N1Ni3,67.2357
Cd1N1,43.7875
Cd1N1,11.3414
Cd1N1,21.7673
Cd1Na1Sb1,13.6792
Cd1Na2Pb1,10.6925
Cd1Ni4Sc1,61.6453
Cd1Ni4Tb1,49.3868
Cd1Ni4Y1,48.7159
Cd1O1,19.7656
Cd1O1,46.8556
Cd1O2Rb2,13.6326
Cd1O2,39.0598
Cd1O3Sn1,64.3235
Cd1O3Ti1,87.2427
Cd1O3V1,80.7609
Cd1O4Rh2,47.7142
Cd1O6Pt3,73.6633
Cd1O6Sb2,49.4485
Cd1P1Pd5,44.6939
Cd1P1Pt5,56.679
Cd1P2Sn1,27.8897
Cd1P2,27.3997
Cd1Pd1,38.0164
Cd1Pt1,50.1453
Cd1Pt2Zn1,57.322
Cd1Rh1Tb4,28.9389
Cd1Ru1Y4,27.0901
Cd1S1,17.3261
Cd1S2,23.0319
Cd1S4Sc2,24.8254
Cd1S4Y2,22.9125
Cd1Sb1Tl1,13.0599
Cd1Sb2Sn1,17.528
Cd1Sc1,28.0014
Cd1Sc2Se4,19.9636
Cd1Se1,27.7529
Cd1Se1,14.5911
Cd1Se2,18.1051
Cd1Se4Y2,18.1422
Cd1Se4Yb2,10.7181
Cd1Sr1,16.0475
Cd1Tb1,23.3965
Cd1Te1,13.0107
Cd1Te1,15.611
Cd1Te1,19.0219
Cd1Te1,15.7083
Cd1Y1,25.2526
Cd1Yb1,21.1117
Cd1Zr2,32.4397
Cd2Dy1,29.6748
Cd2Er1,31.083
Cd2Ge2Sr1,10.3886
Cd2Ho1,32.1379
Cd2La1Pd1,27.0896
Cd2La1,21.292
Cd2La1,21.095
Cd2Nb2O7,78.3483
Cd2Nb2O7,55.6214
Cd2O4Si1,54.0755
Cd2O4Sn1,42.7547
Cd2O7Sb2,82.4811
Cd2O7Ta2,83.8562
Cd2Pd1Sr1,18.7509
Cd2Sr1,13.7992
Cd2Tb1,29.505
Cd2Y1,31.735
Cd2Yb1,22.7792
Cd3Er1,28.2784
Cd3Ho1,26.3701
Cd3In1,8.17173
Cd3N2,33.1165
Cd3Nb1,47.8108
Cd3P2,22.3718
Cd3P2,23.5664
Cd3Sc1,20.9904
Cd3Y1,27.3068
Cd3Zr1,28.6887
Ce1Co1Si2,75.5773
Ce1Co1Si3,75.7581
Ce1Fe4P12,126.252
Ce1Ga1Ni1,39.8557
Ce1Ga1O3,22.4318
Ce1Ge1Ir1,44.6418
Ce1Ge3V1,65.7851
Ce1Ir2,80.9865
Ce1O2,76.6165
Ce1O2,50.9668
Ce1O3Sr1,54.0038
Ce1O4Si1,63.5236
Ce1O4V1,37.6144
Ce1O7P2,33.328
Ce1Os2,24.2215
Ce1Os2,32.5531
Ce1Os2,33.0345
Ce1Os4P12,119.843
Ce1P12Ru4,108.775
Ce1P1,55.007
Ce1Pb3,18.8624
Ce1Pd1Sb2,38.3917
Ce1Pt3,67.633
Ce1Rh1,21.2321
Ce1Rh3,76.3916
Ce1Se1,35.1619
Ce1Se1,45.6437
Ce1Te1,24.1139
Ce1Te1,48.9646
Ce1Tl3,22.5359
Ce1Zn1,29.9636
Ce1,23.1276
Ce2In1Pt2,38.7951
Ce2N2Se1,57.9506
Ce2Ni12P7,72.9591
Ce2Pd21Si6,41.2419
Ce3S4,38.7212
Ce4Rh12Si1,49.1694
Cl1Cs1O4,5.02968
Cl1Cs1,7.7355
Cl1Cs1,5.2904800000000005
Cl1Cu1,12.3674
Cl1Cu1,15.4764
Cl1F1Yb1,25.6767
Cl1K1O4,6.36062
Cl1K1,9.47221
Cl1La1Se1,28.7845
Cl1La1Te1,25.9872
Cl1La5Sn3,31.2423
Cl1Li1,18.5325
Cl1Na1O3,12.6469
Cl1Na1O3,14.5898
Cl1Na1,13.4547
Cl1Na3O1,23.2233
Cl1O1Y1,30.9704
Cl1O4Rb1,6.64902
Cl1O4Tl1,5.04714
Cl1Rb1,8.377469999999999
Cl1Tl1,7.90068
Cl2F12Pb7,15.4356
Cl2H12Sr7,26.6899
Cl2H6N2,6.976039999999999
Cl2Hg2,6.36385
Cl2Mg1,5.76207
Cl2Mg1,12.3264
Cl2O1Pd2,12.7581
Cl2Sr1,13.5806
Cl2Zn1,7.2012100000000006
Cl3Cs1Pb1,9.40627
Cl3Mn1Tl1,15.9069
Cl4Cu1Rb2,7.587269999999999
Cl4Hg3O1,5.0944
Cl4Hg3O1,4.75817
Cl4Hg3O1,5.09279
Cl4K2Mg1,12.3397
Cl4K2Pd1,7.31318
Cl4Li2Zn1,17.1583
Cl4Mg1Na2,12.5528
Cl4Pd1Tl2,6.90377
Cl4Th1,15.5096
Cl4U1,17.2795
Cl5Cs1Pb2,7.976560000000001
Cl6Cs2Ge1,4.5595
Cl6Cs2Pb1,3.3539
Cl6Cs2Pt1,5.01663
Cl6Cs2Se1,5.11528
Cl6Cs2Sn1,3.63501
Cl6Cs2Te1,4.67854
Cl6Cs2Ti1,3.88153
Cl6Cs2Zr1,4.38089
Cl6K2Mn1,6.5614
Cl6K2Pd1,6.87649
Cl6K2Pt1,7.17213
Cl6K2Re1,6.31792
Cl6K2Sn1,4.963480000000001
Cl6K2Tc1,6.85479
Cl6K2Ti1,5.54023
Cl6Mn1Rb2,5.966069999999999
Cl6Pb1Rb2,3.91334
Cl6Pd1Rb2,6.88869
Cl6Pt1Rb2,6.504980000000001
Cl6Pt1Tl2,6.53134
Cl6Rb2Se1,6.24219
Cl6Rb2Sn1,4.46512
Cl6Rb2Te1,5.0812800000000005
Cl6Rb2Ti1,4.66555
Cl6Rb2Zr1,4.66488
Cl6Sn1Tl2,5.31827
Cl6Te1Tl2,6.13915
Cl8Co1Li6,23.0011
Cl8Li6V1,18.3914
Co1Dy1Ge1,55.6128
Co1Dy1Ge2,45.7916
Co1Dy1Sn1,44.6879
Co1Dy1Sn1,46.2889
Co1Er1Ga1,32.525
Co1Er1Ge2,42.0523
Co1Er1Si2,64.646
Co1Ga1Hf1,68.0943
Co1Ga2Zr6,51.688
Co1Ge1Mn1,97.8688
Co1Ge1Nb1,63.9455
Co1Ge1Ta1,64.7056
Co1Ge1Ti1,87.7818
Co1Ge1V1,92.2041
Co1Hf1Sn1,35.5362
Co1Hf1,75.9854
Co1In2S4,27.6926
Co1In2Se4,20.5788
Co1In8Y2,31.3873
Co1K1O2,25.5182
Co1La1Si3,69.4464
Co1Mo1P1,102.795
Co1Mo1P2,102.085
Co1N1,166.722
Co1N3,96.6351
Co1N3,213.668
Co1Nb1P1,115.817
Co1Nb1Sb1,60.7049
Co1Nb1,82.4977
Co1Nb4Si1,102.733
Co1Ni1,66.2888
Co1Ni2S4,21.3855
Co1O1,34.9103
Co1O1,35.1621
Co1O3Se1,46.6896
Co1O3Sr1,62.6012
Co1O4Rh2,62.1023
Co1O6Pt3,76.5588
Co1O6Sb2,90.4878
Co1P1Ta4,110.547
Co1P1Zr4,33.8374
Co1P2W1,109.447
Co1P3,112.614
Co1P3,112.51
Co1P3,112.652
Co1P3,112.403
Co1Rh2S4,40.6839
Co1S1Sb1,79.031
Co1Sb1Ta1,68.8971
Co1Sb1Ti1,75.949
Co1Sb2,27.5785
Co1Sb2,58.7328
Co1Sb3,56.2966
Co1Sb3,56.188
Co1Sb3,56.2477
Co1Sb3,56.1666
Co1Sb3,56.2147
Co1Sb3,56.1032
Co1Sb3,56.1568
Co1Sb3,56.2628
Co1Sb3,55.9437
Co1Sb3,56.2877
Co1Sb3,56.2673
Co1Sb3,56.2272
Co1Sb3,56.2477
Co1Sb3,56.1951
Co1Sb3,56.2806
Co1Sc1,42.4054
Co1Se2,64.9108
Co1Si1V1,124.114
Co1Si1,58.0802
Co1Si2Tb1,66.9193
Co1Si2Y1,64.8255
Co1Si2,63.4979
Co1Si3Th1,66.4619
Co1Sn1Tb1,44.4214
Co1Sn1Th1,50.9042
Co1Sn1Y1,31.7812
Co1Ta1,97.7341
Co1Ta2,76.5735
Co1Te2,30.1472
Co1Ti1,86.4867
Co1Ti2,50.8053
Co1V3,99.4357
Co1Y1,16.4834
Co1Zr1,52.9034
Co1Zr2,36.6271
Co1Zr2,18.2566
Co2Cu1S4,37.6736
Co2Fe1Ga1,66.0041
Co2Fe1In1,63.7306
Co2Ga1Hf1,61.0838
Co2Ga1Mn1,51.6939
Co2Ga1Ta1,82.9215
Co2Ga1Ti1,61.8344
Co2Ge1Mn1,44.0454
Co2Ge1Zn1,13.0602
Co2Hf1Sn1,63.55
Co2In1Zr2,55.4415
Co2Mn1Sn1,43.0989
Co2N1Ta4,109.061
Co2N1Zr4,65.7622
Co2Nb1Sn1,59.3791
Co2O7Sb2,84.8588
Co2S6Ta9,50.3488
Co2Sc1Sn1,46.4576
Co2Se2Tl1,15.7678
Co2Si1Ti1,95.5746
Co2Si1V1,83.3144
Co2Si3Zr3,86.8755
Co2Sn1Ti1,57.6979
Co2Sn1Zr1,56.3832
Co2Y3,23.6207
Co3Fe1,68.882
Co3S4,46.943000000000005
Co4Dy3Ge13,66.3482
Co4Er3Ge13,67.8084
Co4Ge13Lu3,66.5866
Co4Ge13Tb3,66.2558
Co4Ge13Y3,66.4485
Co4Ge13Yb3,44.0664
Co5Y1,29.9891
Cr1Cu1O2,54.3513
Cr1Dy4Ga12,45.3963
Cr1Er1O4,58.0425
Cr1F3K1,23.3615
Cr1F4Sr1,28.331
Cr1Ge1Nb1,82.1495
Cr1Ho1O4,56.9586
Cr1K1O2,69.2063
Cr1La1O3,110.093
Cr1La1S3,45.4029
Cr1La1Se3,37.1121
Cr1N1Nb1,160.16299999999998
Cr1N1,168.532
Cr1N1,30.5686
Cr1N3Sr3,31.4793
Cr1Nb1P1,93.4751
Cr1Ni1Sb1,36.4914
Cr1O2,102.965
Cr1O2,111.369
Cr1O2,129.659
Cr1O4P1,79.3379
Cr1O4Tb1,58.0759
Cr1O4V1,55.20399999999999
Cr1P1,60.9973
Cr1P4,99.0583
Cr1Rh3,119.954
Cr1S1,28.2545
Cr1Si2,153.642
Cr1Si2,166.104
Cr1Te1,1.5194299999999998
Cr1Te1,7.82112
Cr1,22.3074
Cr2Cu1S4,30.6237
Cr2Cu1Se4,20.5082
Cr2Cu1Te4,11.4546
Cr2Ga1N1,77.8289
Cr2Hf1,45.9509
Cr2Hg1O4,49.3109
Cr2Hg1S4,30.7175
Cr2Hg1Se4,23.6009
Cr2Mg1O4,75.6367
Cr2Mg1O4,74.4662
Cr2Mn1O4,61.9419
Cr2O4Zn1,82.615
Cr2O4Zn1,82.6958
Cr2O6Te1,106.942
Cr2O6W1,105.376
Cr2S4Zn1,41.2715
Cr2Se4Zn1,31.9658
Cr2Ti1,65.2301
Cr3N1Pt1,54.0256
Cr3Nb1,47.4103
Cr3Si1,135.298
Cs1Cu1F4,7.27286
Cs1Cu1O2,12.0383
Cs1F1,9.3085
Cs1F1,6.968960000000001
Cs1F2H1,8.21402
Cs1F3Mg1,35.8365
Cs1F3Pb1,16.5431
Cs1F3Sr1,20.3667
Cs1F3Yb1,25.6383
Cs1Fe1O2,20.5627
Cs1Gd1S2,23.8103
Cs1H1,8.2827
Cs1H1,6.977530000000001
Cs1H3Mg1,19.6954
Cs1I1,5.61116
Cs1I1,3.6187
Cs1I2Li1,5.55007
Cs1I3Pb1,6.77015
Cs1I3Sn1,6.26776
Cs1I3Sn1,7.47673
Cs1In3,13.0319
Cs1K2Sb1,8.085180000000001
Cs1N2Nb1,30.5551
Cs1N3,6.97377
Cs1Na1S1,11.2794
Cs1Na2,2.24474
Cs1O2Y1,39.561
Cs1S2Tb1,24.598000000000003
Cs1,0.8191579999999999
Cs1,0.630101
Cs2.67O16Te5.33,63.422
Cs2F6Ge1,5.17877
Cs2F6Si1,5.82934
Cs2H4Mg1,11.7143
Cs2Hf1I6,3.59706
Cs2I6Pd1,4.485469999999999
Cs2I6Pt1,4.155390000000001
Cs2I6Sn1,3.27906
Cs2I6Te1,4.08731
Cs2Pt1,5.355980000000001
Cs2S2,4.94956
Cs2Te1,3.92002
Cs2Te5,6.2788900000000005
Cs3Hg20,3.98971
Cs3I9Sb2,4.83847
Cs3Ni1O2,9.54778
Cs3O3Sb1,6.05069
Cu1Dy1Pb1,45.2295
Cu1Dy1Si1,64.0902
Cu1Dy1Sn1,46.6432
Cu1Dy1,31.9966
Cu1Dy2Ge6,55.2965
Cu1Er1Pb1,40.1552
Cu1Er1Si1,64.6869
Cu1Er1Sn1,47.0704
Cu1Er1,36.598
Cu1F3K1,27.1319
Cu1F3K1,28.8903
Cu1F3Rb1,23.877
Cu1F4Sr1,28.9712
Cu1Fe2Ge2,85.9083
Cu1Ga1O2,57.3055
Cu1Ga1Pt2,58.7807
Cu1Ga1S2,35.1155
Cu1Ga1Te2,23.3751
Cu1Ga1Zr1,59.8527
Cu1Ga2,36.4074
Cu1Ge1Hf1,67.4868
Cu1Ge1Sc1,65.3961
Cu1Ge1Zr1,69.3162
Cu1Ge6Ho2,55.1019
Cu1Ge6Y2,50.1991
Cu1Hf1Hg2,15.6848
Cu1Hf1Si1,82.2336
Cu1Hf2,57.9175
Cu1Hf4P1,41.2019
Cu1Hf5Pb3,56.0383
Cu1Hf5Sn3,58.3335
Cu1Hg2Zr1,21.0916
Cu1Ho1Si1,64.3645
Cu1Ho1Sn1,46.0022
Cu1Ho1,34.1809
Cu1I1,13.8328
Cu1In1La1,23.1972
Cu1In1O2,37.8386
Cu1In1Se2,21.2314
Cu1Ir2S4,39.6124
Cu1K1S1,5.48974
Cu1K1Se1,21.7113
Cu1K1Te1,18.1493
Cu1La1Pb1,38.5677
Cu1La1Si1,46.1303
Cu1La1,13.9046
Cu1Li2Sb1,33.1936
Cu1Li2Sn1,29.7138
Cu1Mg1P1,48.2669
Cu1Mg1Sb1,32.6522
Cu1Mg1Sn1,5.73671
Cu1Mg1Sn1,22.1137
Cu1Mg1Y1,20.85
Cu1Mn1P1,38.7041
Cu1Mn1Sb1,30.1694
Cu1Mn3N1,49.6012
Cu1Na1Se1,20.5919
Cu1Nb3Te4,29.9582
Cu1Nb4Si1,85.7736
Cu1Ni2Sb1,34.9971
Cu1Ni2Sn1,27.9789
Cu1O1,20.1841
Cu1O2Sc1,44.7868
Cu1O2Sr1,44.3955
Cu1O2Y1,35.8211
Cu1P1Sr1,47.2147
Cu1Pd1,40.8473
Cu1Pt7,71.1879
Cu1Rh2Se4,21.8185
Cu1Rh2Sn1,58.7645
Cu1S2Tl1,21.9724
Cu1S2,31.5031
Cu1S4Zr2,29.8649
Cu1Sb1Se2,19.7591
Cu1Sb1Sr1,34.1573
Cu1Sb1Yb1,35.0871
Cu1Sb1Yb1,35.7477
Cu1Sb2Ti5,48.5542
Cu1Sc1Sn1,43.608
Cu1Sc1,42.4958
Cu1Se2,24.6774
Cu1Si1Tb1,62.4009
Cu1Si1Ti1,74.0944
Cu1Si1Y1,61.7676
Cu1Sn1Tb1,47.4434
Cu1Sn1Y1,50.6166
Cu1Sn1Y1,47.4319
Cu1Sn3Zr5,61.1478
Cu1Tb1,30.6741
Cu1Te2,19.8086
Cu1Ti2,64.8513
Cu1Ti3,42.588
Cu1Y1,31.8217
Cu1Zn1,32.5984
Cu1Zr1,32.6936
Cu1Zr2,45.4699
Cu2Dy1Ge2,56.3441
Cu2Dy1In1,38.2549
Cu2Dy2In1,27.5526
Cu2Er1In1,39.5262
Cu2Er1Si2,73.8821
Cu2Ga1Sc1,30.1824
Cu2Ge1Li1,32.1313
Cu2Ge2La1,54.2586
Cu2Ge2Sr1,43.377
Cu2Ge2Tb1,57.5391
Cu2Hf1In1,51.7826
Cu2Ho1In1,37.3804
Cu2Ho2In1,29.0448
Cu2In1Lu1,35.6764
Cu2In1Mn1,33.3533
Cu2In1Sc1,36.824
Cu2In1Ti1,43.4543
Cu2In1Y1,35.9008
Cu2In1Zr1,51.5632
Cu2La1Si2,69.9469
Cu2Li1P2,35.1565
Cu2Li1Si1,49.6448
Cu2O1,7.67467
Cu2O3Sr1,45.8129
Cu2S1,24.7874
Cu2Sb1,32.6394
Cu2Sc1,40.7378
Cu2Se1,11.9294
Cu2Te2Tl1,13.1769
Cu2Zn1Zr1,40.0028
Cu3Dy3Sb4,50.733
Cu3Ho3Sb4,50.3684
Cu3N1Pd0.25,35.2897
Cu3N1,37.4313
Cu3Nb1S4,22.6395
Cu3Nb1Se4,20.0001
Cu3Nb1Te4,18.7865
Cu3P1S4,32.5289
Cu3Pt1,51.3026
Cu3S4V1,22.6246
Cu3Sb4Tb3,51.2928
Cu3Sb4Y3,49.8544
Cu3Se2,17.6842
Cu3Se4Ta1,19.5632
Cu3Te4V1,15.8333
Cu4Er1Pd1,33.9239
Cu4Hf3Si2,78.1352
Cu4In1Sc1,56.3081
Cu4In1Tb1,48.9274
Cu4In1Y1,48.8222
Cu4In1Yb1,40.2327
Cu4Mg1Sn1,52.3367
Cu4Mg1Y1,41.982
Cu4Mn1Sn1,50.93600000000001
Cu4Ni1Yb1,37.0204
Cu4O3,20.752
Cu5Nd1,29.7935
Cu6Ga5Mg2,37.4998
Cu6O10Sr4,51.6622
Cu6O8Pb1,39.0343
Cu7Hf6Zn16,44.7997
Cu7Zn16Zr6,48.2958
Cu9Ga4,54.6102
Cu9In4,41.3823
Dy1Ga1Pd1,19.7642
Dy1Ga1Pt1,29.7153
Dy1Ga1Zn1,57.7343
Dy1Ga2Ni1,44.6033
Dy1Ga3Ru1,60.1145
Dy1Ga3,41.4614
Dy1Ga4Ni1,48.1785
Dy1Ge1Ir1,44.1603
Dy1Ge1Ir1,61.3976
Dy1Ge1Li1,47.6093
Dy1Ge1Ni1,56.0975
Dy1Ge1Pt1,53.963
Dy1Ge1Ru1,44.6081
Dy1Ge1Sn1,40.7208
Dy1Ge1,55.6111
Dy1Ge2Ni2,46.9478
Dy1Ge2Rh2,64.8413
Dy1Ge2Ru2,59.8562
Dy1H2,56.9104
Dy1Hg1,19.941
Dy1Hg2,30.3374
Dy1Hg3,18.9735
Dy1In1Ir1,35.0114
Dy1In1Ni1,31.8752
Dy1In1Pd2,31.4763
Dy1In1Pt2,37.5204
Dy1In1Pt4,54.8304
Dy1In1Rh1,29.3081
Dy1In1Zn1,43.4144
Dy1In1,21.9057
Dy1In3,28.4422
Dy1Ir1Si1,69.5163
Dy1Ir1Si3,60.7828
Dy1Ir2Si2,108.023
Dy1Ir2Si2,65.4619
Dy1Ir2,88.4868
Dy1Ir3,113.221
Dy1Li1O2,62.2611
Dy1Mg1Pd1,16.9488
Dy1Mg1Sn1,36.6337
Dy1Mg1,22.4531
Dy1Mg2,17.3081
Dy1Mg3,26.0822
Dy1N1,122.739
Dy1Ni1P1,65.3667
Dy1Ni1Sb1,56.4694
Dy1Ni2P2,88.0928
Dy1Ni2Si2,70.2294
Dy1O4P1,61.6764
Dy1O4V1,49.8372
Dy1O4V1,58.9586
Dy1Os2Si2,86.5172
Dy1Os2,49.3436
Dy1P1Pt1,46.5847
Dy1P1,59.1283
Dy1Pb1Pd1,36.2122
Dy1Pd1Sb1,40.7148
Dy1Pd1Sb1,32.834
Dy1Pd1Sn1,33.9411
Dy1Pd1Tl1,21.456
Dy1Pd1,28.5682
Dy1Pd2Si2,54.8251
Dy1Pd3,59.1834
Dy1Pt1Sb1,47.4922
Dy1Pt1Si1,62.2755
Dy1Pt1Sn1,51.1895
Dy1Pt2Si2,41.3417
Dy1Pt2Si2,49.1295
Dy1Pt2,68.6807
Dy1Pt3,64.7403
Dy1Re2,38.6058
Dy1Re2,39.2614
Dy1Re2,38.6514
Dy1Rh1Sn1,38.2452
Dy1Rh1Zn1,33.049
Dy1Rh1,39.3185
Dy1Rh2Si2,91.1593
Dy1Rh2,60.3346
Dy1Rh3Si2,100.833
Dy1Rh5,77.2582
Dy1Ru1Si1,49.2356
Dy1Ru2Si2,80.5584
Dy1S1,44.1197
Dy1S2,46.7831
Dy1Sb1,35.7126
Dy1Se1,27.9646
Dy1Se2,38.4093
Dy1Si1,65.4643
Dy1Si1,67.1684
Dy1Si2,22.6709
Dy1Sn2,34.7949
Dy1Sn3,12.6065
Dy1Te1,22.2686
Dy1Te2,21.8865
Dy1Tl1Zn1,44.031000000000006
Dy1Tl1,15.9993
Dy1Tl3,11.3556
Dy1Zn1,30.4545
Dy1,26.484
Dy1,26.0604
Dy2Ge2In1,33.5023
Dy2Ge2Mg1,56.3577
Dy2Hf2O7,97.2411
Dy2In1Pd2,34.7648
Dy2In1,25.8057
Dy2Mg1Si2,60.6457
Dy2O1S2,36.5677
Dy2O7Ru2,89.74799999999999
Dy2O7Sn2,87.0731
Dy2O7Tc2,95.8064
Dy2O7Ti2,102.479
Dy2O7V2,96.211
Dy2Rh3Sn5,36.119
Dy2S3,38.8811
Dy2Se3,34.9565
Dy2Tl1,23.4387
Dy3Ga1O6,62.627
Dy3Ge13Os4,61.9194
Dy3Ge13Rh4,64.1561
Dy3Ge13Ru4,50.7567
Dy3Ge4,50.5958
Dy3In1N1,65.204
Dy3Ni2,24.2371
Dy3Os1,30.6287
Dy3Pt1,14.831
Dy3Rh1,14.033
Dy3Ru1,26.0822
Dy4Ga12Pd1,56.9293
Dy4Ge6Ir7,96.9392
Dy4Ge6Rh7,74.4615
Dy4In1Rh1,32.9955
Dy4Mg1Rh1,26.9598
Dy4Sb3,32.118
Dy5Ni1Pb3,32.1084
Dy5Rh3,24.0066
Dy5Ru2,27.1611
Dy5S7,38.7937
Er1Ga1Ir1,34.2449
Er1Ga1Pd1,23.9416
Er1Ga1Rh1,28.9002
Er1Ga1,45.1956
Er1Ga2Ni1,51.6142
Er1Ga2Pd1,47.4018
Er1Ga3Ru1,60.1445
Er1Ga3,41.5446
Er1Ge1Ir1,43.3109
Er1Ge1Rh1,53.476000000000006
Er1Ge1Ru1,46.4393
Er1Ge1Sn1,40.8181
Er1Ge1,55.3619
Er1Ge2Rh2,62.5482
Er1Ge3Ni1,63.2542
Er1H1,39.1808
Er1H1,49.9346
Er1H2,56.9482
Er1H2,48.1394
Er1Hg1,21.3509
Er1Hg2,29.7832
Er1Hg3,19.9126
Er1In1Pt1,31.1904
Er1In1Pt4,55.0363
Er1In1Zn1,42.5958
Er1In1,20.8477
Er1In3,28.2625
Er1Ir1Si1,75.5633
Er1Ir1Sn1,44.3542
Er1Ir1,53.2223
Er1Ir2Si2,106.791
Er1Ir2,90.9509
Er1Mg1Pd1,17.9007
Er1Mg1,24.678
Er1Mg2,19.5982
Er1Mg2,19.4341
Er1Ni1P1,69.6747
Er1Ni1Sb1,58.0298
Er1Ni2P2,88.0277
Er1Ni2Si2,70.1017
Er1O4P1,66.1798
Er1Os2Si2,82.5267
Er1Os2,48.5468
Er1P1Pd1,63.2667
Er1P1,61.0168
Er1P2Ru2,103.01
Er1Pb1Pd1,37.7348
Er1Pd1Sb1,42.2351
Er1Pd1Sn1,31.4147
Er1Pd1Sn1,37.3091
Er1Pd1Tl1,21.4024
Er1Pd1,30.4102
Er1Pd2Si2,53.389
Er1Pd2Sn1,29.4442
Er1Pd3S4,24.63
Er1Pd3,59.7495
Er1Pt1Sb1,48.2991
Er1Pt1Si1,63.848
Er1Pt1Sn1,51.849
Er1Pt1Zn1,33.3655
Er1Pt1,35.7868
Er1Pt2Si1,55.6242
Er1Pt2Si2,46.0577
Er1Pt2,69.5768
Er1Pt3,68.508
Er1Rh1Sn1,43.2424
Er1Rh1,45.4771
Er1Rh2Si2,90.0786
Er1Rh2,62.1945
Er1Rh3Si2,101.238
Er1Rh5,77.9642
Er1Ru2Si2,79.5517
Er1S1,44.5171
Er1S2,46.2739
Er1Sb1,36.6332
Er1Se1,26.3462
Er1Si1,67.5037
Er1Si2,30.6393
Er1Sn2,33.6862
Er1Sn3,9.55377
Er1Te1,20.6255
Er1Te2,19.3035
Er1Tl1Zn1,39.9221
Er1Tl1,23.5843
Er1Tl1,15.1219
Er1Tl3,10.0798
Er1Zn1,30.9824
Er1,32.3288
Er2Ge2Mg1,58.469
Er2Hf2O7,97.5229
Er2In1Ni2,36.7299
Er2In1Pd2,36.7664
Er2In1,26.7877
Er2Mg1Se4,20.1031
Er2Mg1,20.7923
Er2Ni12P7,75.0778
Er2Ni1Sn6,34.0264
Er2O3,67.82
Er2O7Ru2,90.4173
Er2O7Sn2,88.3115
Er2O7Sn2,88.3115
Er2O7Tc2,99.3199
Er2O7Ti2,103.383
Er2O7V2,97.731
Er2Pb1Pd2,28.9659
Er2S3,43.5928
Er3F10K1,48.093
Er3Ga1O6,65.9093
Er3Ge13Ir4,70.6208
Er3Ge13Rh4,60.5763
Er3Ge4,51.2507
Er3In1N1,67.9568
Er3Os1,32.7236
Er3Os4Si13,85.3611
Er3P6Pd20,36.001
Er3Pd8Sb4,31.6591
Er3Rh1,16.2565
Er3Ru2,31.1152
Er3Sn7,28.995
Er4Fe1Ga12,47.8359
Er4Ga12Pd1,57.0992
Er4Ge6Ir7,99.6307
Er4Ge6Os7,80.756
Er4Ge6Rh7,77.711
Er4In1Ir1,35.2794
Er4In1Rh1,35.4541
Er4Sb3,32.3388
Er5Ge3,56.2337
Er5Ni1Pb3,33.3556
Er5S7,40.3305
Er5Sb3,36.4382
Er5Si3,58.6834
Er7Rh3,23.2495
Eu1F2,30.4968
Eu1F4Mg1,28.2783
Eu1Hg1,17.2271
Eu1O3Ti1,106.448
Eu1S1,34.3206
Eu1S1,18.7828
Eu1Se1,27.741
Eu1Se1,18.3736
Eu1Te1,13.4269
F10K1Tb3,43.8188
F10K1Y3,43.1466
F1Gd1S1,52.4819
F1Ho1S1,57.2729
F1K1,13.3816
F1La1S1,42.978
F1Na1,28.921
F1Rb1,11.4269
F1Rb1,11.9182
F1S1Y1,34.0342
F2H1K1,15.2661
F2Hg2,12.4809
F2Kr1,4.0675
F2Mg1,51.2467
F2Mg1,49.9009
F2Mg1,57.0154
F2Ni1,46.0346
F2Ni1,42.0406
F2Pb1,22.9807
F2Pd1,34.3967
F2Pd1,25.126
F2Ti1,48.389
F2V1,33.6302
F2Xe1,4.47715
F2Zn1,44.1201
F2Zn1,39.4757
F3Hg1Rb1,14.8246
F3K1Mg1,43.0914
F3K1Mn1,28.8364
F3K1Ni1,40.2851
F3K1Pd1,23.9351
F3K1V1,32.8301
F3K1Zn1,38.0213
F3La1,35.5401
F3La1,26.7396
F3Mg1Na1,42.3804
F3Mg1Rb1,41.3677
F3Mg3N1,80.8871
F3Mn1Rb1,29.9804
F3Mo1,35.6462
F3Na1Ni1,29.8301
F3Na1V1,25.5723
F3Na1Zn1,35.9334
F3Pb1Rb1,15.1974
F3Pd1Rb1,25.9101
F3Rb1V1,35.317
F3Rb1Yb1,24.8352
F3Sc1,38.6948
F3Y1,49.8366
F3Y1,33.2853
F4K2Mg1,26.8133
F4K2Zn1,23.1885
F4Mg1Rb2,21.2374
F4Nb1,27.5284
F4Ni1Rb2,21.2942
F4Pb1Pd1,20.1502
F4Pb1,24.6623
F4Pd1Sr1,24.4638
F4Si1,5.68312
F4Sn1,32.3237
F5Mn1Rb2,10.0842
F5U1,13.0899
F6Ge1Rb2,6.07852
F6Hf1K2,5.15153
F6Hf1V1,32.833
F6K2Mn1,8.00356
F6K2Ni1,11.0438
F6K2Si1,8.1701
F6K3W1,14.4763
F6Li1V2,35.7542
F6Mn1Rb2,7.89779
F6Na1P1,9.88395
F6Na1Sb1,9.45592
F6Na1Sb1,9.60589
F6Ni1Rb2,7.91673
F6Pb1Zr1,20.6045
F6Pd1Rb2,8.09145
F6Rb2Si1,7.515589999999999
F6S1,1.525
F6Si1Tl2,5.996169999999999
F6Sn2,18.147
F6V1Zr1,31.3525
Fe1Ga12Ho4,48.2424
Fe1Ga12Tb4,46.3632
Fe1Ga12Y4,45.9265
Fe1Ga1Ni2,42.0687
Fe1Ga2Hf6,52.9145
Fe1Ge1,37.977
Fe1H6Mg2,62.9102
Fe1H6Sr2,38.7511
Fe1Hf1P1,84.4307
Fe1Hf1Si1,73.2298
Fe1Hf4P1,39.3262
Fe1La1O3,92.5981
Fe1N2W1,144.46200000000002
Fe1Nb1P1,146.635
Fe1Nb1Sb1,79.4436
Fe1Nb4P1,91.655
Fe1O1,52.9775
Fe1O2Sr1,58.0857
Fe1O3Sr1,80.3487
Fe1P1Ta1,147.99
Fe1P1Ta4,63.3677
Fe1P1V1,144.766
Fe1P1Zr1,83.6578
Fe1Pd3,46.8131
Fe1Rh2S4,48.4032
Fe1Ru2Si1,122.214
Fe1Ru2Sn1,66.6401
Fe1S2,107.567
Fe1Sb1V1,62.4419
Fe1Sb2Zr6,53.6366
Fe1Se2,75.5732
Fe1Si1Ta1,89.7236
Fe1Si1Tb1,55.3923
Fe1Si1Zr1,103.058
Fe1Si1,160.27200000000002
Fe1Te1,24.7335
Fe1Te2Zr6,61.4032
Fe1Te2,58.1226
Fe1Ti1,129.42600000000002
Fe1V3,49.8853
Fe1Zr2,14.3518
Fe1,169.671
Fe2Ga1V1,142.245
Fe2Ge1Ti1,137.164
Fe2Hf1,55.503
Fe2In1Ti1,92.5788
Fe2Re3,130.985
Fe2S6Ta9,58.9386
Fe2Si2Tb1,88.9718
Fe2Ta1,45.9004
Fe2Ta1,49.63399999999999
Fe2Ta1,48.1223
Fe2Ta1,47.8296
Fe2W1,57.9002
Fe4O11Sr4,68.8482
Fe6Ge6Hf1,59.4311
Ga0.4N0.2V0.6,105.833
Ga12Ho4Ni1,56.9986
Ga12Ho4Pd1,57.2485
Ga12Lu4Pd1,57.3842
Ga12Pd1Tb4,55.2613
Ga12Pd1Y4,54.3749
Ga1Gd3O6,58.2837
Ga1Ge1Li1,35.1859
Ga1Hf1Ni1,74.6304
Ga1Hf1Ni2,13.58
Ga1Hf1Pd1,60.744
Ga1Hf1Pt1,73.5992
Ga1Hf1Rh1,54.2713
Ga1Ho1O3,84.7834
Ga1Ho1Pt1,31.3665
Ga1Ho3O6,64.023
Ga1In1O3,77.8363
Ga1In1Te2,14.1069
Ga1Ir1Li2,39.414
Ga1Ir1Th1,39.4681
Ga1Ir1Y1,29.9397
Ga1Ir1,61.4924
Ga1La1Mg1,35.1019
Ga1La1Pd2,26.9956
Ga1La1Pt1,23.1236
Ga1La1Zn1,44.0985
Ga1La3,13.9614
Ga1Li1Mg2,17.2913
Ga1Li1O2,47.43899999999999
Ga1Li1S2,22.0807
Ga1Li1Se2,17.5234
Ga1Li1Si1,47.3761
Ga1Li2Pd1,24.0865
Ga1Li2Pt1,30.1921
Ga1Mg1Sm1,43.1676
Ga1Mg1Y1,48.5785
Ga1Mn1Ni2,72.3044
Ga1Mn1Ti2,22.5529
Ga1Mn1,31.433000000000003
Ga1Mo3,111.204
Ga1N1,105.985
Ga1N1,104.088
Ga1Nb1Ni2,52.1716
Ga1Ni1Ti1,77.7809
Ga1Ni2Ta1,52.5628
Ga1Ni2V1,53.8583
Ga1Ni3,40.5033
Ga1O3Pr1,43.8469
Ga1O6Tb3,61.6784
Ga1O6Y3,61.4407
Ga1P1Pt5,66.4697
Ga1P1,51.3036
Ga1P1,19.2335
Ga1P1,51.0589
Ga1Pd1Tb1,15.7381
Ga1Pd1,45.9824
Ga1Pd2Sc1,30.5452
Ga1Pt1Th1,38.9272
Ga1Pt1Ti1,58.8435
Ga1Pt1Y1,30.7154
Ga1Pt1Zr1,70.2099
Ga1Pt1Zr1,67.6872
Ga1Pt1,54.8146
Ga1Pt3,52.9599
Ga1Pt3,56.0273
Ga1Rh1Y1,27.5425
Ga1Rh1Zr1,52.5239
Ga1Rh1,54.5715
Ga1Ru1,89.8356
Ga1S8Ti4,31.4698
Ga1Sc1,46.1333
Ga1Se2Tl1,13.7304
Ga1Sn1Sr1,26.0632
Ga1Sn2V2,57.4708
Ga1Sn3Zr5,67.3149
Ga1Tb1,37.7016
Ga1Y1,43.7683
Ga1Zr2,51.321000000000005
Ga1,9.32411
Ga2Hf6Ni1,64.4591
Ga2Hg1Te4,15.9477
Ga2Ho1Pd1,46.7327
Ga2Ho1,51.9222
Ga2La1,53.1946
Ga2Mg1O4,77.7113
Ga2Mg5,22.2349
Ga2O4Zn1,85.8557
Ga2O6Te1,100.966
Ga2Os1,100.667
Ga2Pb1Se4,16.8468
Ga2Pt1,13.5414
Ga2Ru1,92.9577
Ga2S4Sr1,20.9811
Ga2Sc1,45.156000000000006
Ga2Se4Sr1,17.371
Ga2Ta3,107.146
Ga2Th1,64.829
Ga2Y1,55.9578
Ga2Zr3,66.3969
Ga3Hf1,77.3425
Ga3Hf3Nb2,84.6381
Ga3Hf5,65.4307
Ga3Ho1Ru1,60.0786
Ga3Ho1,39.7737
Ga3Ni2,64.678
Ga3Ni5,59.6626
Ga3Os1Tb1,62.6914
Ga3Pt2,40.3165
Ga3Rb1,23.4283
Ga3Ru1Tb1,60.0281
Ga3Ru1Y1,59.7322
Ga3Sc1,30.8365
Ga3Tb1,41.234
Ga3U1,52.9001
Ga3Zr1,77.8581
Ga4Nb5,90.3831
Ga4Sr1,31.4502
Ga5Pd1,31.304
Ga6Mn1Tb2,35.525
Ga7Ni3,53.8586
Gd1Hg1,22.2436
Gd1Mg1,21.6397
Gd1N1,108.779
Gd1O1,44.0226
Gd1O4P1,54.1724
Gd1O4V1,47.016000000000005
Gd1Rh1,42.2036
Gd1S1,46.2202
Gd1Se1,33.3877
Gd1Te1,23.6972
Gd2Hf2O7,94.9153
Gd2O2Se1,57.9469
Gd2O7Sn2,84.0285
Gd2O7Ti2,98.4684
Gd2O7Zr2,68.4787
Gd2O7Zr2,85.9873
Gd2S3,39.7786
Gd3In1N1,55.4917
Ge12Pr1Pt4,21.7107
Ge13Ho3Os4,62.0314
Ge13Ho3Rh4,61.8688
Ge13Ir4Tb3,64.1956
Ge13Ir4Y3,72.0142
Ge13Ir4Yb3,50.6362
Ge13Lu3Rh4,58.5454
Ge13Os4Tb3,61.7313
Ge13Rh4Tb3,64.6003
Ge13Rh4Y3,63.3584
Ge13Ru4Tb3,50.9901
Ge13Ru4Y3,52.5115
Ge1Hf1Ir1,88.5893
Ge1Hf1Mn1,72.247
Ge1Hf1Os1,99.7346
Ge1Hf1Pt1,79.1295
Ge1Hf1Rh1,69.0474
Ge1Hf1Rh1,76.4807
Ge1Hf1V1,82.1518
Ge1Hg1Li2,16.7309
Ge1Ho1Ir1,62.8991
Ge1Ho1Mn1,67.4118
Ge1Ho1Rh1,51.3379
Ge1Ho1Ru1,45.8885
Ge1Ho1Sn1,40.413
Ge1Ho1,56.0478
Ge1I3Rb1,10.2275
Ge1In1Li1,35.5767
Ge1Ir1Mn3,47.4245
Ge1Ir1Nb1,98.4751
Ge1Ir1Sc1,70.938
Ge1Ir1Tb1,58.5058
Ge1Ir1Y1,44.416
Ge1Ir1Zr1,89.3715
Ge1La1,40.3282
Ge1La1,39.2344
Ge1La3,16.7737
Ge1Li1Ni2,66.689
Ge1Li1Rh2,91.9475
Ge1Li1Y1,47.1139
Ge1Li2O3,39.6643
Ge1Li2Zn1,41.2531
Ge1Mg1N2,83.9893
Ge1Mg1O3,49.9828
Ge1Mg2O4,97.8248
Ge1Mg2,14.9494
Ge1Mn1Nb1,97.7364
Ge1Mn1Ni1,31.0176
Ge1Mn1Ni2,28.6246
Ge1Mn1Pd1,35.0519
Ge1Mn1Pd2,24.2927
Ge1Mn1Rh1,52.8577
Ge1Mn1Rh2,49.3389
Ge1Mn1Yb1,36.8614
Ge1Mn1,19.7154
Ge1Mn2O4,68.949
Ge1Mn3,34.1754
Ge1Mo3,112.253
Ge1N2Sr2,36.0256
Ge1Nb1Pt1,52.8544
Ge1Nb1Rh1,92.1239
Ge1Ni1Ti1,79.7815
Ge1Ni1Zr1,80.9198
Ge1Ni2O4,82.8895
Ge1Ni2Zn1,42.8333
Ge1Ni2Zn3,41.0417
Ge1Ni2,47.126000000000005
Ge1Ni2,43.7252
Ge1O2,124.713
Ge1O2,141.713
Ge1O3Pb1,94.415
Ge1O3Sr1,24.5563
Ge1O6Se2,34.4496
Ge1O8Zr3,53.3912
Ge1Os1Sc1,100.549
Ge1Os1Zr1,96.4536
Ge1P1,52.7496
Ge1P2Zn1,48.3297
Ge1Pd1Sc1,51.6838
Ge1Pd1Ti1,60.2413
Ge1Pd1Zr1,73.068
Ge1Pd1,40.4574
Ge1Pd2Y1,39.5164
Ge1Pd2,38.0075
Ge1Pt1Se1,64.4567
Ge1Pt1Sr1,19.8123
Ge1Pt1Ti1,54.4326
Ge1Pt1Y1,54.8259
Ge1Pt1Zr1,81.6386
Ge1Pt2,34.6854
Ge1Rh1Sc1,73.4556
Ge1Rh1Sc1,60.1542
Ge1Rh1Ta1,91.8629
Ge1Rh1Tb1,38.0777
Ge1Rh1Tb1,48.0876
Ge1Rh1Y1,53.2679
Ge1Rh1Zr1,78.03699999999999
Ge1Rh1,51.2492
Ge1Rh2,69.2597
Ge1Ru1Sc1,85.1216
Ge1Ru1Tb1,37.3594
Ge1Ru1,89.2474
Ge1S2,14.3212
Ge1Sc1,52.602
Ge1Sn1Tb1,40.7316
Ge1Te1,40.5743
Ge1Th1,42.4883
Ge1V1Zr1,66.0227
Ge1V3,49.9376
Ge1Y1Zn1,55.1056
Ge1Y1,54.7054
Ge1Zr1,71.0407
Ge1,46.2513
Ge1,39.9227
Ge1,46.2236
Ge1,33.0546
Ge1,46.3997
Ge2Hf1,70.3852
Ge2Hf3,86.1307
Ge2Ho1Ni2,50.8442
Ge2Ho1Pd2,32.1484
Ge2Ho1Rh2,63.9685
Ge2Ho1Ru2,60.0215
Ge2Ho2Mg1,57.8055
Ge2In1Tb2,34.8858
Ge2Ir2La1,52.1613
Ge2Ir2Tb1,47.7442
Ge2Ir2Th1,70.1879
Ge2Ir3La1,97.5384
Ge2La1Li1,40.699
Ge2La1Ni1,53.4267
Ge2La1Pd1,37.0087
Ge2La1Pd2,41.0431
Ge2La1Pt2,42.3528
Ge2La1Pt2,35.0129
Ge2La1Rh1,41.3717
Ge2La1Rh2,64.3869
Ge2La1Ru2,62.8995
Ge2Mg1Tb2,55.8016
Ge2Mg1Y2,56.6985
Ge2Mo1,133.985
Ge2N3Na1,76.5663
Ge2N4Si1,189.138
Ge2Os2Th1,85.6128
Ge2Pd2Tb1,35.2526
Ge2Pd2Th1,49.8982
Ge2Pt1,46.2322
Ge2Pt2Th1,42.2438
Ge2Pt2Th1,48.004
Ge2Rh2Sr1,56.3201
Ge2Rh2Tb1,65.9136
Ge2Rh2Th1,71.1657
Ge2Rh2Y1,65.3046
Ge2Ru2Tb1,60.8517
Ge2Ru2Th1,79.3349
Ge2Sc1,50.9662
Ge2Tb1,25.7214
Ge2Th1,26.2157
Ge2Th1,47.5316
Ge2Th1,46.8119
Ge2Th3,45.9045
Ge2W1,115.569
Ge2W1,136.149
Ge3Ir1Sr1,41.72
Ge3Ir2S3,59.0542
Ge3Ir2Tb3,52.1365
Ge3La1Os1,52.2448
Ge3La1Rh1,46.1256
Ge3La2Li2,44.7032
Ge3La4,29.2435
Ge3Mo5,91.3827
Ge3N4,152.941
Ge3N4,81.0142
Ge3N4,101.529
Ge3Ni1Y1,64.2116
Ge3Pd1Sr1,25.0491
Ge3Pt2,53.307
Ge3Pu1,64.6542
Ge3Rh5,62.4228
Ge3Ru2Tb3,52.666
Ge3Ta5,93.2071
Ge3Ta5,104.872
Ge3Tb5,50.7897
Ge3W5,74.7766
Ge3Y5,53.2347
Ge4La1Rh6,75.9017
Ge4Y3,49.9264
Ge6Ho2Ni1,57.7982
Ge6Ho4Ir7,98.6516
Ge6Ho4Rh7,76.7779
Ge6Ir7Mn4,76.5119
Ge6Ir7Sc4,102.206
Ge6Ir7Tb4,96.0991
Ge6Ir7Y4,95.9771
Ge6Ir7Yb4,78.1779
Ge6Lu4Ru7,81.3378
Ge6Os7Sc4,86.6224
Ge6Rh7Sc4,80.7823
Ge6Ru7Sc4,74.4129
Ge7Hf6Ni16,76.98100000000001
Ge7Ir3,84.2498
Ge7Ni16Sc6,62.8429
Ge8Na6Pt8,22.8799
H15Th4,35.1486
H1Ho1Se1,66.294
H1In1O2,70.4754
H1In1O2,70.8857
H1In1O2,76.3249
H1K1,9.76424
H1Mg1Ni1,52.3273
H1N1Sr1,42.1177
H1Na1,19.963
H1Ni1,72.1752
H1Pd1,38.0427
H1Pd3Tl1,46.9119
H1Rh1,85.6585
H1Se1Y1,62.772
H1Si3Y5,57.2238
H1Ta2,63.8499
H1Ti1,49.5008
H1W1,156.44899999999998
H2.25La1,37.6671
H2Hf1,27.4705
H2Hf2Pd1,30.6622
H2Ho1,58.899
H2La1,34.2856
H2Mg1Ni1,49.5772
H2Mg1,37.1298
H2Mg1,31.3725
H2Mg1,39.6148
H2Nb1,81.8791
H2Pd1Zr2,38.6691
H2Pu1,19.4141
H2Sc1,66.02
H2Sr1,25.2789
H2Sr1,27.226
H2Ta1,67.3117
H2Tb1,54.2753
H2Th1,16.0954
H2V1,84.1551
H2W1,72.8303
H2Y1,56.926
H2Zr1,25.1683
H3K1Mg1,32.4676
H3Li1Sr1,9.99763
H3Mg1Na1,28.1677
H3Mg1Ni1,36.2196
H3Ni1Yb1,54.5583
H3Pd1Ti2,49.5977
H3Pd1Yb1,40.4098
H3U1,68.3144
H3Y1,56.9664
H5K3Zn1,12.7731
H5Rb3Zn1,10.6644
H6Li2Pt1,26.3648
H6Na2Pt1,15.8809
H6Os1Sr2,33.1533
H6Ru1Sr2,32.6517
H7Th1Zr2,37.4428
H9.975La3.99,39.3114
He2Ne1,1.1662
Hf1In1Ni2,52.5444
Hf1Ir1Si1,113.703
Hf1Ir1Sn1,57.583
Hf1Ir3,165.449
Hf1La3Sb5,31.5132
Hf1Mo1P1,120.067
Hf1Mo1Si1,103.29
Hf1Mo2,65.0616
Hf1N1,158.737
Hf1N1,57.1409
Hf1N2,62.8126
Hf1N2,108.976
Hf1Nb1P1,100.707
Hf1Ni1P1,95.49
Hf1Ni1Si1,102.232
Hf1Ni2Sb1,61.5584
Hf1Ni2Si2,78.4269
Hf1Ni2Sn1,52.8997
Hf1Ni2,69.9788
Hf1O1S1,58.5289
Hf1O2,115.082
Hf1O2,93.0971
Hf1O3Pb1,87.2365
Hf1O3Sr1,99.4399
Hf1O3Sr1,99.5187
Hf1O3Sr1,97.8217
Hf1O3Sr1,90.3909
Hf1O3Sr1,91.5416
Hf1O4Si1,107.243
Hf1O7V2,35.9959
Hf1Os1Si1,117.88
Hf1Os1,124.999
Hf1Os3,109.072
Hf1P1Ru1,93.678
Hf1P1V1,112.545
Hf1P1,82.0453
Hf1Pb1S3,16.9995
Hf1Pd1Si1,89.8414
Hf1Pd1Sn1,53.7398
Hf1Pd3,80.0549
Hf1Pd3,70.4269
Hf1Pd5,62.3641
Hf1Pt1Si1,100.762
Hf1Pt1,29.1414
Hf1Pt1,55.1423
Hf1Pt3,105.132
Hf1Pt3,109.748
Hf1Re1Si1,136.004
Hf1Re2,61.2621
Hf1Rh1Si1,97.4116
Hf1Rh1Sn1,49.8145
Hf1Rh1,31.0744
Hf1Rh3,114.425
Hf1Ru1Sb1,47.8966
Hf1Ru1Si1,107.333
Hf1Ru1,104.207
Hf1Ru3,75.1374
Hf1S2,14.9721
Hf1Sb1,60.5927
Hf1Si1V1,73.9976
Hf1Si2,93.691
Hf1Tc1,65.5671
Hf1Tc2,30.3826
Hf1W2,94.1541
Hf1,55.1023
Hf1,62.1732
Hf2Hg1,46.6085
Hf2Ho2O7,96.6444
Hf2Ir1,46.3913
Hf2La2O7,89.6564
Hf2Ni2Sn1,63.9648
Hf2Ni2Sn1,67.064
Hf2Ni3Si4,93.1942
Hf2O7Y2,95.3711
Hf2P1Sb1,69.3383
Hf2Pd1,53.6409
Hf2Pd1,30.1103
Hf2Rh1,42.0298
Hf2S1,75.8956
Hf2Zn1,59.9778
Hf3In4,39.4084
Hf3N1Zn3,76.3861
Hf3Ni2Si3,96.2597
Hf3P2,80.6215
Hf3Rh5,66.9564
Hf3Si2,90.621
Hf4Ni1P1,46.8318
Hf5Ir3,26.0968
Hf5P7Pd9,53.1902
Hf5Sb3Zn1,67.6809
Hf5Si3,87.8423
Hf5Sn3,43.5897
Hf5Sn4,59.4829
Hf6Ni16Si7,96.8663
Hg11K1,3.3751
Hg11Rb1,4.09618
Hg1Ho1,21.0546
Hg1I2,2.85067
Hg1In2S4,21.6005
Hg1K1Sb1,12.2833
Hg1La1Pd1,25.95
Hg1La1,16.8484
Hg1Li1,15.9154
Hg1Mg1,24.9103
Hg1Mg2,15.1839
Hg1Mn1,18.278
Hg1Ni1,30.332
Hg1O2Rb2,11.6
Hg1P1Pd5,37.1391
Hg1P1Pt5,49.3886
Hg1Pb1Sr1,19.0297
Hg1Pd1,30.8463
Hg1Pt1,36.6338
Hg1Pt3,11.7785
Hg1S1,16.0114
Hg1S1,13.9857
Hg1Sc1,31.4425
Hg1Se1,13.9983
Hg1Sn1Sr1,22.2914
Hg1Sn1Yb1,20.6041
Hg1Sr1,17.4304
Hg1Sr3,5.49279
Hg1Tb1,17.6505
Hg1Ti1,32.3061
Hg1Ti3,75.8106
Hg1Y1,22.7735
Hg1Yb1,22.5345
Hg1Zr3,57.8725
Hg2Ho1,29.668000000000003
Hg2K1,4.6596
Hg2La1,21.3644
Hg2Mg1,12.574000000000002
Hg2Nb2O7,67.0091
Hg2O7Sb2,70.2818
Hg2Pt1,22.1898
Hg2Rh1,39.0685
Hg2Sr3,10.2611
Hg2Th1,33.2413
Hg2Y1,30.226
Hg3Mg5,24.6303
Hg3Y1,18.151
Hg3Y1,17.924
Hg3Yb1,11.1421
Hg3Zr1,15.6695
Hg4Pt1,30.3331
Hg5Pd2,10.628
Ho1In1Ir1,35.6683
Ho1In1Pd1,28.5965
Ho1In1Pt1,33.1143
Ho1In1Pt4,54.6615
Ho1In1Zn1,42.4746
Ho1In1,21.3591
Ho1In3,28.2501
Ho1Ir1Si1,72.9757
Ho1Ir1Si1,72.9266
Ho1Ir1Si3,58.2088
Ho1Ir1Sn1,44.4359
Ho1Ir1,49.9922
Ho1Ir2Si2,107.473
Ho1Ir2,89.4601
Ho1Mg1Sn1,36.8778
Ho1Mg1,19.6042
Ho1Mg2,16.3605
Ho1Mg2,16.2686
Ho1Mn6Sn6,55.5767
Ho1N1,129.03
Ho1Ni1Sb1,59.2061
Ho1Ni2Si2,69.8762
Ho1Os2Si2,84.1787
Ho1Os2,47.6712
Ho1Os2,47.8757
Ho1P1,60.039
Ho1P2Ru2,102.905
Ho1Pd1Sb1,9.32569
Ho1Pd1Sn1,32.5203
Ho1Pd1,28.9702
Ho1Pd2Sn1,28.0839
Ho1Pd3S4,25.8012
Ho1Pd3,59.6179
Ho1Pt1Sb1,48.1004
Ho1Pt1Sn1,50.9837
Ho1Pt2Si1,53.1094
Ho1Pt2,69.3055
Ho1Pt3,65.7832
Ho1Re2,43.9516
Ho1Rh1Si1,60.4305
Ho1Rh1Sn1,42.5793
Ho1Rh1Zn1,34.2526
Ho1Rh1,42.1375
Ho1Rh2Si2,91.3351
Ho1Rh2,61.8547
Ho1Rh3Si2,101.449
Ho1Ru2Si2,79.7574
Ho1S1,44.1591
Ho1S2,46.0561
Ho1Sb1,36.3212
Ho1Se1,27.2323
Ho1Si1Ti1,58.2479
Ho1Si1,66.2233
Ho1Si1,68.2332
Ho1Sn2,33.7761
Ho1Sn3,10.1805
Ho1Te1,21.6259
Ho1Te2,21.5849
Ho1Tl1,15.6186
Ho1Tl3,11.3719
Ho1Zn1,25.7899
Ho1Zn2,32.7977
Ho1,30.9191
Ho2In1Ni2,35.3271
Ho2In1Pd2,34.0228
Ho2In1,26.1111
Ho2Mg1Se4,19.3267
Ho2Ni1Sn6,34.4084
Ho2O3,65.7443
Ho2O3,65.4598
Ho2O7Ru2,90.5528
Ho2O7Sn2,88.2199
Ho2Rh3Sn5,36.1158
Ho2S3,42.739
Ho3In1N1,66.3803
Ho3Ru1,28.0131
Ho3Sn7,29.4414
Ho3Tl5,18.2787
Ho4In1Ir1,33.8517
Ho4In1Rh1,33.8782
Ho4Sb3,31.945
Ho5Ni2Sb1,19.9463
Ho5S7,39.2828
Ho5Sb3,35.8436
I1K1O3,59.5178
I1K1,5.80901
I1K3O1,12.9802
I1La1,32.7938
I1La5Sn3,28.3373
I1Li1,5.00257
I1Li1,10.7871
I1Rb1,5.62036
I1Tl1,7.157769999999999
I1Tl1,5.92427
I2Pb1,4.03999
I2Pb1,3.32121
I5In1Sn2,5.92195
I6Pd1Rb2,3.58791
I6Pt1Rb2,4.37401
I6Rb2Sn1,3.49501
I6Rb2Te1,3.28926
In14K3Mg20,17.6759
In1Ir1Li2,26.6955
In1Ir1Tb1,35.1322
In1Ir1Tb4,22.8953
In1La1O3,56.9904
In1La1Pd1,21.9911
In1La1Pd2,29.7431
In1La1Pt1,29.7466
In1La1Pt4,41.4522
In1La1Rh1,28.4032
In1La1Zn1,41.1702
In1La1,20.1921
In1La2Pd2,27.1636
In1La2Rh2,26.5547
In1La3N1,42.6692
In1La3,12.6622
In1Li1O2,56.5765
In1Li1Se2,14.7614
In1Li1Se2,13.5197
In1Li1Sn1,18.3308
In1Li1Te2,11.501
In1Li2Mg1,21.9755
In1Li2Pd1,17.6542
In1Li2Pt1,20.3129
In1Lu2Pd2,37.6929
In1Mg1Y1,39.3031
In1Mg3,18.6461
In1Mn1Pd2,32.3854
In1Mn1Ti2,12.6885
In1N1Sc3,76.3972
In1N1Tb3,62.8922
In1N1Ti2,90.4008
In1N1,54.8778
In1N1,53.9477
In1N1,96.6713
In1Na5O4,23.276
In1Ni1,44.3364
In1Ni2Sc1,54.7261
In1Ni2Tb2,35.4988
In1Ni2Ti1,51.9468
In1Ni2Zr1,42.623000000000005
In1Ni4Zr1,56.1422
In1P1Pd5,51.8608
In1P1Pt5,60.2943
In1P1,31.9778
In1P1,36.5826
In1Pd1Sr1,20.4398
In1Pd1Th1,31.9022
In1Pd1Y1,26.7248
In1Pd1,29.474
In1Pd2Sc1,42.2588
In1Pd2Tb2,34.1857
In1Pd2Th2,27.3529
In1Pd2Zr2,39.8786
In1Pd2,32.5684
In1Pd3,49.1821
In1Pd3,42.9481
In1Pt1Sc1,38.5773
In1Pt1Sr1,25.9358
In1Pt1Th1,42.7139
In1Pt1Y1,32.1934
In1Pt2Sc1,38.2277
In1Pt2Tb1,38.2275
In1Pt2Y1,37.4
In1Pt2Zr1,21.5414
In1Pt3,49.1811
In1Pt4Tb1,54.5845
In1Pt5Si1,66.7248
In1Rb1Te2,8.38727
In1Rh1Tb1,30.1355
In1Rh1Tb4,31.6391
In1Rh1Y1,30.2278
In1S2Tl1,21.7546
In1S3Sb1,13.8149
In1Sb1,20.3017
In1Sc2,38.3789
In1Sc3,38.5473
In1Sc3,36.8109
In1Sc3,38.4666
In1Sr3,8.42104
In1Tb2,24.9001
In1Te1,17.4665
In1Te1,8.36365
In1Te2Tl1,12.0544
In1Th2,25.4969
In1Y1,22.5172
In1Y2,26.781
In1Yb1,15.3129
In1Zr3,53.5374
In24S32,13.4895
In2Ir1Li1,41.1162
In2Ir1Sr1,29.8131
In2Li1Pd1,26.4754
In2Li1Rh1,35.1491
In2Mg1O4,60.6868
In2Mg1S4,25.1646
In2Mn1S4,23.4071
In2O3,60.1448
In2Pd1Yb1,24.5413
In2Pt1Sr1,27.2544
In2Pt1,23.0445
In2Pt3,57.3753
In2Rh1Yb1,26.423
In2S4Zn1,30.5168
In2S5Zn2,21.6378
In2S6Zn3,23.954
In2Se4Zn1,18.0018
In2Sr1Te4,12.3909
In2Te4Zn1,15.2106
In3La1,29.2158
In3Lu1,29.235
In3Ni2,47.9147
In3Pd2,37.7439
In3Pr1,38.9309
In3Rh2Ti3,55.8474
In3Ru1,49.7708
In3Sc1,19.8065
In3Tb1,28.7289
In3Th1,24.434
In3U1,33.5232
In3Y1,26.1817
In3Yb1,23.2169
In3Zr1,51.6571
In4K1,13.7645
In4Ni1Sr1,26.4273
In4Pd1Sr1,24.1743
In7Pt3,41.9699
In8Ir1Yb2,28.1779
In9K1Ni2,20.9323
Ir1La1Si1,24.875
Ir1La1Si3,67.3026
Ir1La4Mg1,20.1747
Ir1Li1,50.237
Ir1Li2Mg1,25.9173
Ir1Lu1Si1,82.2703
Ir1Mg1Tb4,27.1808
Ir1Mg3,34.0557
Ir1Mn1Sb1,36.8979
Ir1Mn1Si1,71.4828
Ir1Mn3Si1,60.3405
Ir1Mo1,160.57399999999998
Ir1Mo3,104.165
Ir1N1,58.9194
Ir1N1,28.2691
Ir1N1,74.2024
Ir1N1,146.437
Ir1N1,49.0512
Ir1N2,207.741
Ir1N2,193.53
Ir1Nb1Si1,127.647
Ir1Nb1,95.7959
Ir1Nb1,94.4918
Ir1Nb3,103.494
Ir1O2,103.218
Ir1P1Se1,110.408
Ir1P1Sr1,34.2302
Ir1P2,128.80200000000002
Ir1P3,114.534
Ir1P3,114.433
Ir1Pb1,48.7472
Ir1S1Sb1,85.764
Ir1S1Sb1,87.0577
Ir1S2,89.6017
Ir1Sb1Se1,79.676
Ir1Sb1Te1,77.5991
Ir1Sb1,60.1646
Ir1Sb3,60.1191
Ir1Sb3,60.0008
Ir1Sb3,60.0636
Ir1Sb3,60.0978
Ir1Sc1,80.0181
Ir1Sc2,31.7019
Ir1Si1Ta1,129.53799999999998
Ir1Si1Y1,72.8592
Ir1Si3Tb1,60.5694
Ir1Si3Th1,61.435
Ir1Si3U1,58.7451
Ir1Si3Y1,58.8787
Ir1Sn1Zr1,57.5878
Ir1Sn1Zr1,66.0743
Ir1Sn1,56.0222
Ir1Sn2,28.2173
Ir1Sn4,34.1683
Ir1Te2,55.0072
Ir1Te2,48.0193
Ir1Th1,28.4933
Ir1Ti1,85.3584
Ir1Ti3,32.6409
Ir1V1,121.958
Ir1V1,126.642
Ir1V3,122.542
Ir1W1,172.31
Ir1Y1,47.9917
Ir1Yb1,33.1813
Ir1Zr2,28.7191
Ir1Zr3,22.1429
Ir2La1Si2,68.1049
Ir2La1Si2,98.2817
Ir2La1,70.0822
Ir2La5,11.7323
Ir2Lu1,92.1875
Ir2Mg1,54.0526
Ir2N1Zr4,67.9548
Ir2P1,108.604
Ir2Pr1,85.1972
Ir2S3Sn3,31.6174
Ir2S3,96.6677
Ir2Sc1,100.971
Ir2Si1,109.372
Ir2Si2Tb1,108.69
Ir2Si2Tb1,67.4763
Ir2Si2Th1,86.0957
Ir2Si2Th1,45.6034
Ir2Si2Y1,107.64
Ir2Sr1,57.6968
Ir2Tb1,87.6401
Ir2Th1,77.5074
Ir2U1,96.5571
Ir2Y1,89.439
Ir2Zr1,124.878
Ir3Mg3Si8,44.1683
Ir3Mo1,187.62
Ir3Nb1,205.429
Ir3Pa1,126.094
Ir3Sc1,122.243
Ir3Si1,122.663
Ir3Sn7,50.4401
Ir3Ta1,209.468
Ir3Th7,28.869
Ir3Ti1,169.127
Ir3U1,123.188
Ir3V1,214.757
Ir3W1,194.162
Ir3W1,193.313
Ir3Zr1,158.84
Ir3Zr5,44.1844
Ir4La3Sn13,46.3881
Ir4Sc11,36.3916
Ir4Sn13Sr3,30.4995
Ir4Sn13Yb3,24.7352
Ir4Sn4Sr3,29.7416
Ir5La1,86.1616
Ir5Sn7,50.7673
Ir5Th1,103.159
Ir7Sc4Si6,110.399
K10Pb48,8.316360000000001
K1Li1Se1,15.3426
K1Mn1Te2,7.773560000000001
K1N1,8.529160000000001
K1N3,11.5715
K1Na1S1,15.7058
K1Na1Te1,10.4032
K1Na2Sb1,13.4604
K1Nb1O3,54.875
K1Nb1S2,47.2397
K1Nb1Se2,38.3824
K1O3Sb1,73.1922
K1O3Ta1,121.253
K1O3U1,66.0742
K1O6Os2,74.0144
K1P1Zn1,26.6336
K1P2Rh2,34.8366
K1Sb1Sn1,12.6556
K1Sb1Zn1,17.6499
K1Zn13,53.4154
K1,1.03926
K1,1.13168
K2Mg5Sn3,10.6077
K2O1,12.534
K2O3Pb2,13.0747
K2S1,9.84152
K2S1,5.93455
K2Se1,9.12565
K2Se2,8.22627
K2Te1,6.51818
K2Te3,7.213239999999999
K3S3Sb1,7.68826
K3Sb1Se3,6.85275
K3Sb1Te3,5.4716
K3Sb1,5.95383
K5Sb4,8.75111
K5Te3,9.07266
K8Sb4Sn1,7.53775
K8Si46,53.115
K8Sn46,6.682339999999999
La10O3Si8,48.6798
La1Mg1Ni4,33.1093
La1Mg1Pd1,21.7619
La1Mg1Tl1,29.6861
La1Mg1,22.2898
La1Mg2,19.6682
La1Mn1O3,82.1317
La1N1,76.0091
La1N1,21.9407
La1Ni1O2,64.1153
La1Ni1,16.9027
La1Ni2Rh3,66.0321
La1O3Ti1,47.11600000000001
La1O3Y1,60.7135
La1O4P1,37.6036
La1O4P1,46.0298
La1Os1Si3,67.4287
La1Os2Si2,85.874
La1Os4P12,108.606
La1P12Ru4,96.8708
La1P1,45.79600000000001
La1P2Rh2,69.0793
La1P2Ru2,70.5609
La1Pb1Pd1,31.5717
La1Pb3,16.7332
La1Pd1Sb1,34.142
La1Pd1Sn1,27.8549
La1Pd1Sn1,36.0145
La1Pd1Tl1,22.3824
La1Pd1,20.9193
La1Pd2Sb2,26.6863
La1Pd2Si2,56.2575
La1Pd3S4,35.0021
La1Pd3,46.8125
La1Pd5,44.2282
La1Pt1,26.3449
La1Pt2Si2,49.2969
La1Pt2Si2,58.3352
La1Pt2,53.1835
La1Pt3,40.9309
La1Pt5,67.7037
La1Rh1Si1,20.3158
La1Rh1Si2,50.4507
La1Rh1Si3,57.1731
La1Rh1Sn2,26.4013
La1Rh1,22.6216
La1Rh2Si2,77.6512
La1Rh2,45.6168
La1Rh3Si2,93.0028
La1Ru1Si3,63.4977
La1Ru1Sn3,31.678
La1Ru2Si2,77.3384
La1Ru4Sb12,48.2584
La1S1,32.5317
La1S1,39.8006
La1S1,9.89033
La1S2,37.8348
La1Sb1,29.0354
La1Sb2,24.5511
La1Se1,26.1686
La1Se1,37.1686
La1Si1,44.1309
La1Si1,44.2853
La1Si2,29.2571
La1Sn1,29.0874
La1Sn2,23.9169
La1Sn3,16.8214
La1Te1,19.4894
La1Te1,34.8736
La1Tl1Zn1,38.9876
La1Tl1,15.3247
La1Tl3,19.1981
La1Zn1,25.5562
La1Zn5,33.3197
La2O2S1,49.32899999999999
La2O2Te1,30.8472
La2O3,41.8963
La2O3,30.1294
La2O3,42.9039
La2O5Pd2,49.0465
La2O7Sn2,74.5631
La2O7Ti2,87.087
La2O7Zr2,81.8649
La2Pb1Pd2,24.7318
La2S3,32.7198
La2Sb1,29.3254
La3O7Ta1,70.2015
La3Pb13Rh4,31.8995
La3Rh4Sn13,44.0884
La3Ru4Sn13,31.6573
La3Sb5Zr1,31.1682
La3Sn1,20.5968
La3Sn4,30.3273
La3Sn7,24.8106
La3Te4,22.1022
La3Tl1,10.016
La3Tl5,21.0016
La4Mg1Ru1,18.8911
La4N2S3,27.8307
La4O4Se3,33.7698
La4Pb3,24.9431
La4Rh3,20.0513
La4Sb3,27.6177
La5Si3,26.9489
La7Pt3,16.4971
Li10Pb3,17.0055
Li1Mg1P1,23.384
Li1Mg8Si4,32.0125
Li1Mn1O2,65.4806
Li1N1Zn1,94.4134
Li1N2P1,100.525
Li1Na1Te1,15.3505
Li1Nb1O2,103.561
Li1Nb1S2,58.3328
Li1O2Rh1,51.6876
Li1O3Sb1,63.7755
Li1O4Ti2,73.3513
Li1O4V2,73.9236
Li1P1Sr1,37.2487
Li1P1Sr1,29.44
Li1P1Zn1,52.4515
Li1Pb1Pd2,15.127
Li1Pb1,9.86566
Li1Pd1,31.2464
Li1Pd1,30.8436
Li1Pd2Sn1,23.8786
Li1Pd2Sn6,19.2041
Li1Pd2Tl1,32.3919
Li1Pt1,50.1211
Li1Pt2,69.7754
Li1Pt7,72.8693
Li1Ru1Sn4,41.974
Li1Sb1Sr1,25.4897
Li1Sb1Zn1,25.2144
Li1Si1Y1,48.5326
Li1Si2Y2,44.9454
Li1Tl1,17.2355
Li1,6.79437
Li21Si5,25.2877
Li23Sr6,7.415739999999999
Li2Mg1Pb1,16.1243
Li2Mg1Si1,39.0975
Li2Mg1Si1,37.6138
Li2Mg8Si4,16.628
Li2Na1Sb1,24.3053
Li2O1,69.4753
Li2O5Si2,48.8179
Li2O5Si2,49.4508
Li2Pd1Sb1,22.9576
Li2Pd1,19.5659
Li2Pt1,29.5387
Li2S1,33.5252
Li2Se1,27.107
Li2Te1,19.2908
Li3N1,34.4457
Li3N1,47.23
Li3O4U1,65.6852
Li3P1,35.1352
Li3Pb1,20.2544
Li3Sb1,26.0453
Li4O4Pb1,38.0669
Li5N2Na1,23.8188
Li9N1S3,40.8513
Lu1Ni1Sb1,57.1621
Lu1Pb2,11.5566
Lu1Pt1Sb1,51.608
Lu1Pt3,70.7192
Lu1Ru2Si2,76.3589
Lu1Te2,18.5513
Lu2Mg1S4,27.2054
Lu2Mn1S4,25.8907
Lu3Os4Si13,86.5465
Mg1Mo1N2,179.829
Mg1N2Si1,104.722
Mg1Ni1Sb1,41.7644
Mg1Ni2Sb1,46.1602
Mg1Ni2Sn1,45.5282
Mg1O1,117.258
Mg1O1,62.4348
Mg1O1,46.5701
Mg1O1,60.7711
Mg1O1,32.5847
Mg1O2,84.0178
Mg1O3Se1,51.9047
Mg1O3Si1,109.304
Mg1O3Si1,156.695
Mg1O3V1,24.5093
Mg1O3V1,33.5025
Mg1O4Rh2,59.764
Mg1O6Pt3,74.0204
Mg1O6Sb2,98.1738
Mg1O6Ta2,97.7829
Mg1P1Pd5,51.4112
Mg1P1Pt5,66.4255
Mg1Pd1Sb1,29.4018
Mg1Pd1Y1,17.0641
Mg1Pd1,29.5283
Mg1Pd2Tb2,26.3913
Mg1Pd3,36.8473
Mg1Pt1Sb1,28.1234
Mg1Rh1,59.0882
Mg1Ru1Sn4,44.8724
Mg1S1,18.4643
Mg1S1,50.5946
Mg1S4Sc2,26.0887
Mg1Sc1,29.1006
Mg1Sc2Se4,20.6461
Mg1Se1,16.4488
Mg1Se1,40.3481
Mg1Se2,28.8189
Mg1Se4Y2,19.1741
Mg1Si1Sr1,33.0252
Mg1Sr1,13.6727
Mg1Tb1,23.6263
Mg1Tb2,18.5495
Mg1Te1,12.0415
Mg1Te1,21.0926
Mg1Te2,22.0054
Mg1Tl1Y1,39.2392
Mg1Tl1,4.94441
Mg1Y1Zn1,27.0323
Mg1Y1,23.0863
Mg2N3P1,86.5926
Mg2O4Si1,116.855
Mg2O4Si1,65.9446
Mg2O4Sn1,62.3512
Mg2Pb1,23.2257
Mg2Pt1Si1,57.3041
Mg2Pt1,39.6907
Mg2Rh1,42.8662
Mg2Si1,13.5347
Mg2Si1,14.1795
Mg2Sr1,16.7578
Mg2Tb1,17.8344
Mg2Th1,25.466
Mg2Zn11,33.7609
Mg3N2,77.5898
Mg3N2,77.2964
Mg3Nb6O11,88.243
Mg3Ni20P6,66.1933
Mg3Ni2Ti1,43.712
Mg3P2,39.8045
Mg3P2,32.2879
Mg3Ru2,49.7434
Mg3Sb2,18.686
Mg3Tb1,26.6449
Mg4P6Rh7,72.4885
Mg5Pd10Si16,57.2249
Mg5Pt10Si16,61.9059
Mg6Mn1O8,100.445
Mg6Ni16Si7,83.4198
Mn1N3Sr3,31.7285
Mn1Na1O2,61.2546
Mn1Nb1P1,119.081
Mn1Nb3S6,44.6291
Mn1Ni1P1,32.5061
Mn1Ni1Sb1,35.3965
Mn1Ni1Si1,36.12
Mn1Ni2Sb1,36.6965
Mn1Ni3,49.5311
Mn1Ni4Y1,47.5465
Mn1Ni6O8,83.9023
Mn1O1,62.8174
Mn1O3Sr1,90.5641
Mn1O3Sr1,67.4492
Mn1O3Y1,66.5955
Mn1P1Rh1,52.0858
Mn1P1Zr1,75.6067
Mn1Pb1Rh2,51.6306
Mn1Pd1Te1,19.2483
Mn1Pd1,31.7073
Mn1Pd2Sb1,28.5953
Mn1Pd2Sn1,34.3058
Mn1Pd2,40.3771
Mn1Pt1Sb1,33.3105
Mn1Pt1Sn1,28.2427
Mn1Pt1,57.4557
Mn1Pt3,71.1981
Mn1Rh1Sb1,32.0979
Mn1Rh1,64.1408
Mn1Rh2Sn1,61.6182
Mn1S1,42.576
Mn1S4Sc2,26.021
Mn1Sc2Se4,19.8656
Mn1Se1,36.1259
Mn1Se1,27.5066
Mn1Se3Th1,29.2354
Mn1Si1Tb1,59.6171
Mn1Sn2,64.0839
Mn1Te1,20.2234
Mn1Te1,11.8874
Mn1Te1,26.8341
Mn1V1,140.94799999999998
Mn1,30.4187
Mn2O3Ta1,66.061
Mn2O5Sr2,62.053
Mn2O7Sb2,87.4866
Mn2O7Tl2,73.5629
Mn2O7Y2,103.964
Mn2Sc1,33.4429
Mn2Sc1,34.1237
Mn2Si2Tb1,62.8192
Mn2Si2Y1,61.8221
Mn2Sn1W1,114.829
Mn2Te4Zn1,7.542210000000001
Mn3N1Pd1,51.595
Mn3N1Zn1,51.585
Mn3Nb6O11,71.7465
Mn3Sb1,30.1232
Mn6Sn6Zr1,29.6144
Mo1N1,38.1822
Mo1N1,83.9256
Mo1N1,201.039
Mo1Na2O4,33.5449
Mo1Ni1P1,88.3064
Mo1Ni1P2,107.231
Mo1O2,93.9215
Mo1O6Rh2,83.0991
Mo1P1Rh1,102.402
Mo1P1Zr1,111.717
Mo1P1,134.356
Mo1P1,45.8248
Mo1P1,16.4947
Mo1P2,126.195
Mo1Pt1,132.32
Mo1Pt2Si3,94.9713
Mo1Pt2,124.4
Mo1Pt3,84.5151
Mo1Rh1,97.986
Mo1Rh3,127.862
Mo1Se2,23.7043
Mo1Si1Zr1,100.073
Mo1Si2,176.801
Mo1Si2,147.733
Mo1Zn6,44.8611
Mo1Zn7,48.4029
Mo2Zr1,56.5609
Mo3N1Ni2,130.709
Mo3N1Pt2,130.059
Mo3Os1,103.669
Mo3P1,94.1519
Mo3Pt1,74.8075
Mo3Sb7,50.3161
Mo3Si1,123.16
Mo3Si2,81.9314
Mo3Sn1,94.227
Mo3Ti1,83.6183
Mo3Zr1,23.7672
Mo4N1Ni2,108.526
Mo8P5,112.188
N0.2V0.6Zn0.4,121.063
N1Na1,18.0926
N1Na3,14.1088
N1Na3,7.90591
N1Na3,11.9596
N1Nb1,152.506
N1Nb1,129.055
N1Nb1,197.245
N1Nb1,44.4594
N1Nb1,211.985
N1Nb1,128.417
N1Nb3Zn3,97.0605
N1Nb4Ni2,105.439
N1Nd1,88.3516
N1Ni2Ta4,112.971
N1Ni2W3,146.43200000000002
N1Ni2Zr4,62.8107
N1Ni3Zn1,59.0916
N1Os1,183.873
N1Os1,178.96
N1Os1,125.704
N1Os2Zr4,84.8749
N1P1V3,111.421
N1Pa1,83.4642
N1Pd1,54.6675
N1Pt1,27.579
N1Pt2Zr4,65.6865
N1Pu1,90.9559
N1Re1,213.582
N1Re1,167.805
N1Re1,132.685
N1Re2Zr4,73.1805
N1Re2,190.426
N1Re3,201.338
N1Rh1,111.071
N1Rh1,117.744
N1Rh1,48.8979
N1Rh2Zr4,60.0378
N1Ru1,63.7829
N1Ru1,120.657
N1Ru2Zr4,70.5462
N1Sb1Sr3,38.2214
N1Sc1,149.42
N1Sn3Zr5,65.7218
N1Ta1,163.736
N1Ta1,179.687
N1Ta1,88.39299999999999
N1Ta1,225.911
N1Ta1,137.22899999999998
N1Ta1,186.073
N1Tb1,120.039
N1Tc1,115.044
N1Tc1,151.157
N1Tc1,71.0796
N1Tc2,159.304
N1Tc3,172.606
N1Th1,85.9167
N1Ti1,171.18599999999998
N1Ti2,96.4544
N1Tl1,35.8135
N1Tl1,36.7279
N1Tl1,49.13399999999999
N1V1,247.946
N1V1,163.442
N1V1,214.285
N1V2,132.471
N1Y1,120.377
N1Y1,33.3146
N1Y1,52.1428
N1Y1,87.0581
N1Zn3Zr3,72.444
N1Zr1,151.187
N1Zr1,73.4651
N1Zr1,67.8431
N1Zr1,120.72
N1,238.853
N1,0.459872
N2Ni1O6,14.2109
N2O1,2.72299
N2Os1,54.4379
N2Os1,221.083
N2Os1,107.683
N2Os1,135.01
N2Os1,103.112
N2Pt1,171.028
N2Pt1,187.587
N2Re1,202.983
N2Re1,267.785
N2Re1,190.601
N2Re1,163.945
N2Re1,97.5428
N2Re1,95.4035
N2Ru1,152.761
N2S1Th2,54.3416
N2S1Zr2,69.2297
N2Sb1Th2,26.9478
N2Se1Th2,52.9254
N2Se1Zr2,67.8705
N2Sr1Ti1,50.3323
N2Sr2Zn1,35.2693
N2Ta1,145.385
N2Ta1,50.5887
N2Te1Th2,29.1944
N2U1,74.67399999999999
N2W1,222.264
N2W1,222.007
N2W1,86.9456
N2Zn3,73.3224
N2,0.695978
N3Nb4,148.011
N3Rb1,9.32047
N3Rh1,92.499
N3Rh1,180.736
N3Ta1Th1,128.782
N3Ta1Th1,135.49200000000002
N3Ta2Zr1,101.06
N3Tl1,8.8854
N3V2,179.127
N4Si3,124.966
N4Si3,245.503
N4Si3,152.91899999999998
N4Sn3,77.3684
N4Ta2,89.60600000000001
N4W3,92.9357
N4Zr3,116.533
N6Ta5,161.42
Na1Nb1O3,104.034
Na1Nb1O3,104.108
Na1Nb1S2,49.6737
Na1Nb1Se2,39.9156
Na1O2,14.893
Na1O3Sb1,73.8145
Na1O3Sb1,94.6484
Na1O3Ta1,108.867
Na1O3Ta1,110.592
Na1O3W1,99.8725
Na1O4Pd3,50.297
Na1O4Pt3,68.4289
Na1O6Os2,71.03
Na1P1Sr1,28.915
Na1Pt2,66.3239
Na1S1,15.1286
Na1,2.8828
Na1,4.32634
Na2Ni1O2,29.7987
Na2O1,28.7977
Na2O4W1,31.5027
Na2Pd1Se2,12.8576
Na2S1,18.3533
Na2S1,13.1854
Na2Se1,15.6784
Na2Te1,11.9053
Na3P1,16.4395
Na3S3Sb1,11.261
Na3Sb1Se3,10.3844
Na3Sb1Se4,8.51223
Na3Sb1Te3,7.52503
Na3Sb1,13.247
Na4Si23,44.3806
Na6O5Pb1,33.4972
Na6O9S2,20.7796
Na8Sb4Sn1,9.0566
Nb1O1,149.651
Nb1O2,104.279
Nb1O3Sr1,76.6933
Nb1P1Ru1,118.332
Nb1P1V1,115.075
Nb1P1Zr1,100.268
Nb1P1,108.724
Nb1P1,79.1079
Nb1Pd1Si1,80.6925
Nb1Pd2,75.0037
Nb1Pd3,76.9974
Nb1Pt1Si1,80.5312
Nb1Pt1,85.0118
Nb1Pt2,98.5983
Nb1Pt3,85.7725
Nb1Re1Si1,125.41
Nb1Rh1Sb1,41.3594
Nb1Rh1Si1,116.276
Nb1Rh1,71.6647
Nb1Rh1,69.2385
Nb1Rh3,142.012
Nb1Ru1Sb1,68.382
Nb1Ru1,24.0191
Nb1Ru3,116.147
Nb1S1,93.9336
Nb1S2Sn0.333,41.643
Nb1S2V0.333,67.139
Nb1S4Tl3,6.74119
Nb1Se4,33.8226
Nb1Te4,20.5759
Nb1Zn3,76.0973
Nb2O6Zn1,65.8887
Nb2O7Sn2,97.4137
Nb3Os1,83.9776
Nb3Pt1,78.4653
Nb3Rh1Se6,53.3001
Nb3Rh1,89.1622
Nb3S4,50.7169
Nb3Sb1,80.7255
Nb3Sb2Te5,65.1794
Nb3Se4,38.1101
Nb3Si1,75.2371
Nb3Si2,121.106
Nb3Te1,82.4947
Nb3Te4,37.6969
Nb3Tl1,34.0505
Nb4Ni1P1,95.5029
Nb4Ni1Si1,101.369
Nb4O5,113.328
Nb5O9Sr2,98.5461
Nb5P1Si3,79.2017
Nb5P4Pd4,73.2577
Nb6Ni16Si7,101.94
Nb6Sn6Tb1,73.1205
Nd1Os4P12,106.12
Nd1P12Ru4,96.197
Nd1P1,49.8604
Nd1Pd3,51.8928
Nd1Pt3,46.9677
Ni12P7Sc2,69.2413
Ni12P7Yb2,61.4557
Ni16Si7Ta6,110.852
Ni16Si7Ti6,94.8961
Ni16Si7Zr6,90.9466
Ni1O1Zr3,66.5006
Ni1O1,95.0805
Ni1O6Sb2,94.3554
Ni1O6Ta2,91.3279
Ni1P1Pd1,34.7939
Ni1P1Rh1,65.2443
Ni1P1S1,53.5683
Ni1P1Ta1,97.4333
Ni1P1Ta4,104.714
Ni1P1W1,80.468
Ni1P1,67.0302
Ni1P2,87.8053
Ni1P3,77.1695
Ni1P4Si3,62.6791
Ni1Pd1Si1,64.1323
Ni1Pd1Te1,37.9144
Ni1Pt1,90.644
Ni1Rh2S4,31.6473
Ni1S1Sb1,49.2501
Ni1S1,41.3398
Ni1S2,50.5336
Ni1Sb1Sc1,61.917
Ni1Sb1Se1,45.142
Ni1Sb1Tb1,55.4818
Ni1Sb1Ti1,56.2179
Ni1Sb1Y1,54.6389
Ni1Sb1Yb1,16.0426
Ni1Sb1Zn1,34.8324
Ni1Sb1Zr1,56.0519
Ni1Sb2,39.3965
Ni1Sc1Si3,82.0895
Ni1Sc1,41.6869
Ni1Sc2,29.143
Ni1Sc6Te2,35.0555
Ni1Si1Th1,33.6086
Ni1Si1,50.7458
Ni1Si1,75.8941
Ni1Si2,42.6616
Ni1Si3Sr1,54.4535
Ni1Sn1Tb1,37.6546
Ni1Sn1Th1,43.8424
Ni1Sn1Ti1,60.9389
Ni1Sn1U1,26.9159
Ni1Sn1Y1,39.9672
Ni1Ta1Te5,13.0443
Ni1Tb1,27.3486
Ni1Tl1,24.5569
Ni1Zn1,68.458
Ni1Zn1,60.7938
Ni1Zr1,27.6084
Ni1Zr2,16.5835
Ni2O4Si1,99.3566
Ni2P2Tb1,88.9996
Ni2P2Th1,66.8826
Ni2P2Zr1,52.6609
Ni2S6Ta9,56.3992
Ni2Sb1Ti1,44.3604
Ni2Sb2Tb1,26.6668
Ni2Sc1Sn1,52.4607
Ni2Sc3Si3,78.2249
Ni2Si1Ta3,50.2073
Ni2Si1Zn3,55.0876
Ni2Si2Tb1,70.1006
Ni2Si2Th1,81.1328
Ni2Si2Zr1,79.5894
Ni2Sn1Ti1,48.0586
Ni2Sn1Yb1,26.5979
Ni2Sn1Zr1,50.9363
Ni2Ta1,78.9922
Ni2Zr1,57.3422
Ni3S4,40.2721
Ni3Sb1,44.9272
Ni3Sb4Zr3,65.9817
Ni3Si1,85.1114
Ni3Sn1,65.9557
Ni3Ta1,82.2621
Ni4P4Ta5,112.519
Ni4Sc1Sn1,31.9655
Ni5P3Sr1,67.5445
Ni5U1,71.7746
O1.03Sc1,82.1343
O1Pb1Sr3,32.9497
O1Pb1Yb3,42.4208
O1Pb1,10.5832
O1Pd1,37.7032
O1Pd2Zr4,24.6787
O1Pd2,9.53649
O1Pt1,47.1944
O1Rb2,7.825060000000001
O1S1Zr1,50.5992
O1Se1Th1,55.0546
O1Sn1Sr3,34.8493
O1Sn1Yb3,45.1438
O1Sr1,55.0536
O1Ta4,65.3302
O1Ti3,48.3095
O1U1,51.29600000000001
O1V1,84.56299999999999
O1Yb1,72.6857
O1Zn1,51.3807
O1Zn1,50.5133
O1Zn1,50.0859
O1Zr3,56.269
O2Os1,109.135
O2Pa1,101.713
O2Pa1,101.716
O2Pb1,27.3125
O2Pt1,93.0551
O2Pt1,91.9551
O2Pt1,8.37086
O2Rb1Sc1,54.1388
O2Rb1,8.19924
O2Rb2,11.1826
O2Re1,133.903
O2Re1,150.738
O2Rh1,106.732
O2Ru1,105.199
O2Ru1,137.958
O2S1Sc2,66.2702
O2Si1,201.186
O2Si1,213.42
O2Si1,52.7357
O2Si1,30.1075
O2Si1,41.3536
O2Si1,46.2105
O2Si1,210.721
O2Si1,31.6919
O2Sn1,76.1392
O2Sn1,69.0372
O2Sn1,88.6286
O2Sn1,52.1089
O2Sn1,33.2791
O2Sn1,71.8656
O2Sr1,44.6311
O2Ta1,114.748
O2Tb2Te1,39.9971
O2Te1,50.1321
O2Th1,76.3351
O2Th1,53.4835
O2Ti1,112.488
O2Ti1,97.8381
O2Ti1,65.1811
O2Ti1,70.4237
O2V1,119.256
O2W1,154.037
O2Zn1,77.3245
O2Zr1,102.022
O2Zr1,83.1113
O2Zr1,84.4637
O2Zr1,63.8635
O2,7.38963
O3Pb1Sr1,49.9059
O3Pb1Tc1,67.0365
O3Pb1Ti1,91.625
O3Pb1Zr1,76.5572
O3Rb1U1,69.0141
O3Rb2Tb1,11.691
O3Re1,122.915
O3Re1,107.796
O3Rh1Tb1,72.5597
O3Ru1Sr1,76.2901
O3Sb2,9.75498
O3Sc2,78.4062
O3Se1Sr1,19.0344
O3Sn1Sr1,81.3785
O3Sn1Sr1,67.7654
O3Sn1Sr1,80.9891
O3Sn1Ti1,88.0491
O3Sr1Tb1,35.0542
O3Sr1Tc1,93.7816
O3Sr1Ti1,107.985
O3Sr1Ti1,106.376
O3Sr1Zr1,87.1547
O3Sr1Zr1,87.839
O3Sr1Zr1,87.12799999999999
O3Tb2,61.7629
O3Tl2,31.9501
O3W1,124.209
O3W1,111.562
O3W1,93.6305
O3Y2,62.2962
O3Y2,62.511
O4P1Pr1,43.5528
O4P1Sc1,77.8674
O4P1Tb1,60.5385
O4P1Y1,61.3946
O4Pb1Sr2,44.1994
O4Pd2Y1,60.8291
O4Pd3Sr1,60.5386
O4Pd3Tl1,37.8654
O4Pd3Tl1,38.5964
O4Pr1V1,40.3625
O4Pt3,57.2648
O4Rh2Zn1,67.0954
O4S1Sr1,14.1191
O4S1Zn1,13.0699
O4Sb1V1,103.734
O4Si1Zn2,87.1675
O4Si1Zn2,52.8536
O4Si1Zr1,97.2627
O4Si1Zr1,101.166
O4Sn1Zn2,53.8081
O4V1Y1,49.5756
O5Ta2,99.7348
O5Ti3,63.4889
O6Os2Rb1,75.8183
O6Pt3Zn1,58.9915
O6Rh2U1,69.5118
O6Sb2Zn1,91.0664
O6Sb4,10.4821
O6Se2Sn1,19.9314
O6Ta2V1,88.6347
O7P2Si1,81.9223
O7P2Sn1,41.8007
O7P2Th1,29.2652
O7P2Ti1,65.0563
O7P2Zr1,54.9006
O7Pb2Sb2,100.504
O7Pt2Sb2,79.0004
O7Pt2Tl2,84.9562
O7Ru2Tb2,88.2898
O7Ru2Y2,88.5913
O7Sn2Tb2,86.2893
O7Sn2Y2,85.3089
O7Sn2Y2,85.4055
O7Tb2Ti2,102.449
O7Ti2Y2,100.536
O7V2Y2,95.2391
O7Y2Zr2,86.5563
Os0.67W1.33,146.477
Os1P1Zr1,116.036
Os1P2,155.49
Os1S2,135.7
Os1Sb2,88.633
Os1Se2,105.049
Os1Si1Zr1,101.571
Os1Si1,85.6988
Os1Si1,116.952
Os1Si3Th1,62.2178
Os1Te2,86.7303
Os1Ti1,136.981
Os1V1,129.998
Os1Zr1,108.724
Os1,257.753
Os2P2Sr1,52.3577
Os2Sc1,54.5649
Os2Si2Tb1,87.3053
Os2Si2Th1,105.519
Os2Si2U1,99.258
Os2Si2Y1,86.0203
Os2Tb1,46.7413
Os2Th1,26.9217
Os2Y1,51.8157
Os2Y1,51.5239
Os3Sn7,32.8389
Os3Th7,28.5659
Os3Ti1,117.352
Os3Zr1,108.969
Os4Sb12Sr1,46.2937
Os4Sc11,35.6324
P12Ru4Tb1,93.811
P12Ru4Th1,111.869
P1Pd5Tl1,47.7984
P1Pt1Sc1,42.6131
P1Pt1Tb1,46.4935
P1Pt1Y1,49.0643
P1Pt5Sn1,39.5364
P1Pt5Tl1,50.4164
P1Pt5Zn1,70.9108
P1Pu1,55.9239
P1Rh1Se1,89.2896
P1Rh1Ta1,71.1624
P1Rh1Zr1,102.312
P1Rh2,81.5454
P1Ru1Ta1,117.055
P1Ru1Ti1,102.348
P1Ru1Zr1,90.612
P1Ru1Zr1,108.308
P1Ru1,97.9619
P1Ru2,92.6578
P1Sb1Ti2,64.2671
P1Sb1Zr2,67.0024
P1Sc1,61.5583
P1Sc3,44.1483
P1Sn1,35.2363
P1Sn1,38.5553
P1Sn3Zr5,69.0414
P1Sr1,26.8692
P1Ta1,73.3513
P1Tb1,58.0501
P1Th1,47.5543
P1Ti1,82.8246
P1Tl1,24.8606
P1U1,28.4847
P1V1Zr1,106.797
P1V1,90.3895
P1V1,59.9642
P1V2,106.629
P1W3,98.8105
P1Y1,57.9882
P1Yb1,18.2715
P1Zr1,73.9462
P1Zr1,80.4661
P1,82.5862
P1,82.5913
P1,51.3142
P2Pd2Sr1,49.5872
P2Pt1,115.315
P2Pt5,57.9136
P2Rh1,101.263
P2Rh2Sr1,42.4878
P2Rh3,67.8988
P2Ru1,136.90200000000002
P2Ru2Sr1,54.8349
P2Ru2Y1,101.024
P2S6Th1,9.4316
P2Sc3,54.8201
P2Sc3,59.3927
P2Si1,77.1816
P2Ti1,85.6627
P2W1,132.15200000000002
P2Zn3,41.2235
P3Pd1,45.6498
P3Rh1,95.0343
P3Rh1,94.2682
P3Rh1,95.0343
P3Rh1,94.2969
P3Ru1,115.241
P3Tc2,121.806
P3Ti4,62.8528
P4Pa3,64.8219
P4Ru1,101.117
P4Th3,58.4777
P7Pd9Zr5,53.525
P7Ru12Sc2,97.2865
Pa1Pt5,86.5385
Pa1Rh3,83.1476
Pa1Sb2,41.3062
Pa3Sb4,41.6707
Pb0.33S2Ta1,42.2101
Pb13Rh4Sr3,21.4623
Pb1Pd2Tb2,27.3383
Pb1Pd2Y2,27.743
Pb1Pd3,45.5582
Pb1Pt3,40.0102
Pb1Pt5Si1,56.2858
Pb1Pu3,24.6657
Pb1Rh1,50.2892
Pb1S1,30.3854
Pb1S1,14.5659
Pb1S1,26.1986
Pb1S1,14.3508
Pb1S1,30.2202
Pb1Se1,9.30123
Pb1Se2,18.5695
Pb1Sr1Zn1,24.9787
Pb1Sr2,12.8263
Pb1Te1,24.2659
Pb1Te1,9.70706
Pb1Te3Tl4,14.9566
Pb1Th1,23.3397
Pb1V3,32.7561
Pb2Pt1,17.6768
Pb2Y1,28.0415
Pb3Pr1,22.3319
Pb3Tb1,8.65957
Pb3Tb5,39.6243
Pb3Th1,7.81244
Pb3U1,22.297
Pb3Yb1,18.7323
Pd16S7,24.1884
Pd1S1Sb1,29.2552
Pd1Sb1Sc1,41.9792
Pd1Sb1Se1,28.5544
Pd1Sb1Se1,27.7246
Pd1Sb1Tb1,33.8982
Pd1Sb1Te1,28.432
Pd1Sb1Yb1,15.2384
Pd1Sb1Zr1,35.7692
Pd1Sb1,26.9109
Pd1Sb2U1,39.6809
Pd1Sb2,22.4467
Pd1Sc1Si1,51.0081
Pd1Sc1Sn1,44.1112
Pd1Sc1Zn1,39.0704
Pd1Sc1,35.8967
Pd1Sc2,31.2622
Pd1Se2Tl2,8.028789999999999
Pd1Se2,15.7759
Pd1Si1Sr1,22.6489
Pd1Si1Zr1,88.1514
Pd1Sn1Y1,34.2873
Pd1Sn1,18.5301
Pd1Sn1,27.0427
Pd1Sn3Sr1,13.2006
Pd1Sr1Tl2,14.0579
Pd1Sr1,20.3569
Pd1Ta1,76.4207
Pd1Tb1,25.9711
Pd1Tb1,28.1013
Pd1Th1,22.371
Pd1Ti1,13.4317
Pd1Ti2,52.4326
Pd1Y1Zn1,22.38
Pd1Y1,27.7271
Pd1Yb1,21.7507
Pd1Zn1,56.1679
Pd1Zr2,46.4699
Pd2Sb1,39.6599
Pd2Sb2Sr1,17.0698
Pd2Sc1Sn1,36.5286
Pd2Si1Tb1,45.0889
Pd2Si1Y1,46.4513
Pd2Si1,48.569
Pd2Si2Sr1,38.8457
Pd2Si2Tb1,55.5588
Pd2Si2Th1,66.6425
Pd2Si2U1,55.4095
Pd2Si2Yb1,37.5659
Pd2Si3Y3,57.4143
Pd2Sn1Tb1,18.2294
Pd2Sn1Y1,24.3002
Pd2Ta1,69.403
Pd2Ti1,39.2704
Pd2Zr1,38.2281
Pd3Pu1,46.9708
Pd3S1,36.3759
Pd3S4Y1,25.8398
Pd3Sc1,62.6876
Pd3Sn1,47.637
Pd3Ta1,81.5928
Pd3Tb1,57.455
Pd3Te2,26.4734
Pd3Ti1,70.8218
Pd3Tl1,37.7139
Pd3Tl1,43.0231
Pd3V1,56.2139
Pd3Y1,56.9067
Pd3Yb1,25.7224
Pd3Zr1,71.7182
Pd4S1,36.1084
Pd4Se1,37.2962
Pr1Te1,22.5871
Pr1Tl3,20.0473
Pt1S1Sb1,34.3217
Pt1S1,33.7512
Pt1S1,49.1696
Pt1Sb1Sc1,51.0477
Pt1Sb1Se1,36.6004
Pt1Sb1Tb1,46.78
Pt1Sb1Y1,46.5007
Pt1Sb1Yb1,14.3121
Pt1Sb1,27.0212
Pt1Sb2Zr6,60.9288
Pt1Sb2,49.1032
Pt1Sc1Si1,64.9206
Pt1Sc1Sn1,52.5606
Pt1Sc1Zn1,45.5517
Pt1Sc1,41.7818
Pt1Se1Si1,70.3267
Pt1Si1Sr1,27.8788
Pt1Si1Y1,62.8864
Pt1Si1Zr1,100.053
Pt1Sn1Sr1,26.4641
Pt1Sn1Tb1,36.6895
Pt1Sn1Th1,39.1165
Pt1Sn1Ti1,49.0471
Pt1Sn1U1,15.8698
Pt1Sn1U1,42.5872
Pt1Sn1Y1,49.1232
Pt1Sn1,37.6734
Pt1Sn2,22.9661
Pt1Tb2,21.1091
Pt1Th1,28.025
Pt1Ti1,20.2094
Pt1Ti3,67.9637
Pt1Tl2,16.9604
Pt1U1,31.049
Pt1V3,64.3295
Pt1V3,105.424
Pt1Y1,34.6897
Pt1Y2,23.1988
Pt1Y3,15.4238
Pt1Zn1,71.1983
Pt1Zr1,52.7275
Pt1Zr2,25.1671
Pt2Sc1Sn1,27.5803
Pt2Si1,35.313
Pt2Si1,65.0559
Pt2Si2Th1,63.8185
Pt2Si2Th1,73.1056
Pt2Si2Y1,49.2956
Pt2Sr1,48.487
Pt2Ta1,77.6531
Pt2Tb1,69.6221
Pt2W1,129.105
Pt2Y1,69.3642
Pt2Yb1,55.5276
Pt3Sb2,26.3129
Pt3Sc1,75.72399999999999
Pt3Sc2Si2,84.9429
Pt3Sn1,50.2504
Pt3Tb1,63.2502
Pt3Th7,21.7032
Pt3Ti1,107.341
Pt3Tl2,44.5263
Pt3V1,90.4818
Pt3V1,99.0821
Pt3Y1,64.3625
Pt3Y7,17.1564
Pt3Yb1,42.2701
Pt3Zn1,51.5397
Pt3Zr1,99.2292
Pt5Pu1,84.5745
Pt5Se4,46.8773
Pt7Sb1,32.6533
Pt8Sc4Si4,69.1428
Pt8V1,63.5459
Pt9Sc5Si7,72.3739
Pu1Ru1,10.0903
Pu1S1,44.2702
Pu1Se1,33.638000000000005
Pu1Te1,33.5274
Pu1Zn2,33.2208
Rb1Sb1,4.96954
Rb1Te2Y1,15.9533
Rb1,0.987947
Rb2S1,6.0685400000000005
Rb2S1,8.10391
Rb2S2,5.97869
Rb2S2,8.08643
Rb2Se1,7.24792
Rb2Te1,5.8551
Rb2Te1,5.57489
Rb3Sb1Se3,5.78107
Re1Si1Ta1,119.149
Re1Si1Ti1,129.608
Re1Si1Zr1,126.965
Re1Si1,82.5113
Re1Si2,120.939
Re1Ti1,45.0758
Re1Ti2,77.459
Re1,162.468
Re2Sc1,71.1585
Re2Sc1,71.3894
Re2Tb1,33.0189
Re2Tb1,33.0189
Re2W1,101.153
Re2Y1,42.5799
Re2Y1,42.7887
Re2Zr1,54.089
Re2Zr1,53.8531
Re2Zr1,54.0705
Re2Zr1,53.0269
Re3Ru1,184.176
Re4S4Te4,42.7901
Re5Si3,102.121
Rh1S1Sb1,70.3241
Rh1S2,35.3893
Rh1Sb1Se1,64.3426
Rh1Sb1Tb1,40.9145
Rh1Sb1Th1,40.8378
Rh1Sb1U1,29.4027
Rh1Sb2,55.7394
Rh1Sb3,51.0602
Rh1Sb3,51.099
Rh1Sb3,51.0463
Rh1Sc1Si1,75.6949
Rh1Sc1,64.9681
Rh1Si1Ta1,118.668
Rh1Si1Ti1,88.464
Rh1Si1Y1,60.1363
Rh1Si1Y1,60.0956
Rh1Si1Zr1,94.1775
Rh1Si1,84.3679
Rh1Si3Tb1,53.3824
Rh1Si3Th1,58.9495
Rh1Sn1Tb1,37.566
Rh1Sn1Th1,49.4848
Rh1Sn1Y1,39.5839
Rh1Sn1Zr1,58.7835
Rh1Sn1Zr1,50.8381
Rh1Sn1,48.6008
Rh1Sn2,38.7157
Rh1Sn2,40.8926
Rh1Tb1Zn1,32.9542
Rh1Tb1,36.484
Rh1Te1,26.181
Rh1Te2,48.7375
Rh1Th1,28.9417
Rh1Ti2,82.1458
Rh1V1,81.3444
Rh1V3,102.669
Rh1Y1,41.1834
Rh1Yb1,30.1592
Rh1Zn1,76.0785
Rh1Zr1,17.1067
Rh1Zr1,20.1566
Rh2S3,77.5584
Rh2Sb1,51.3127
Rh2Si2Tb1,91.7366
Rh2Si2Th1,94.9877
Rh2Si2Y1,90.0265
Rh2Si3Y3,63.5804
Rh2Sn1,56.6696
Rh2Sr1,35.1874
Rh2Tb1,59.6646
Rh2Th1,24.2575
Rh2Y1,59.4382
Rh2Yb1,52.5302
Rh3S4,72.5052
Rh3Sc1,84.2049
Rh3Si2Y1,100.331
Rh3Ta1,146.732
Rh3Te2,53.0537
Rh3Th1,56.0797
Rh3Th7,26.9651
Rh3Ti1,123.083
Rh3W1,127.254
Rh3Zr1,110.297
Rh4Si5,91.658
Rh4Sn13Sr3,28.3875
Rh4Sn13Th3,38.8649
Rh5Tb1,76.8101
Rh5Y1,78.4611
Ru1S2,114.928
Ru1Sb1Ta1,72.1649
Ru1Sb1Ti1,39.7538
Ru1Sb1V1,50.0378
Ru1Sb1Zr1,45.0431
Ru1Sb1,70.3584
Ru1Sb2,78.902
Ru1Sc1Si1,101.909
Ru1Sc1,50.6077
Ru1Se2,88.8335
Ru1Si1Ti1,93.0722
Ru1Si1Y1,48.2667
Ru1Si1Zr1,99.4006
Ru1Si1,104.211
Ru1Si1,111.185
Ru1Si2,108.031
Ru1Si3Th1,58.9242
Ru1Ta1,51.8273
Ru1Tb3,23.1416
Ru1Te2,65.9766
Ru1Te2,73.5517
Ru1Th1,31.8146
Ru1Ti1,118.512
Ru1V1,92.8788
Ru1V3Zr2,50.1625
Ru1Y3,26.9652
Ru1Zr1,88.5537
Ru1,191.304
Ru2Sb2Sr1,45.6928
Ru2Sc1,38.6035
Ru2Sc1,38.6178
Ru2Si1,103.788
Ru2Si2Tb1,81.1686
Ru2Si2Th1,98.5712
Ru2Si2Y1,81.3369
Ru2Si3,111.357
Ru2Sn3,60.6954
Ru2Tb1,22.9257
Ru2Tb5,26.4409
Ru2Zr1,43.7016
Ru2Zr1,44.3353
Ru3Si2Th1,91.8303
Ru3Si2Y1,83.6679
Ru3Sn7,36.8304
Ru3Th7,27.4049
Ru3Ti1,71.4223
Ru3U1,103.304
Ru3Zr1,62.9049
Ru4Sb12Sr1,46.2054
Ru4Sn6Y1,53.5419
Ru5Si3,116.588
Ru9Sb8Zn7,68.2329
S1Se1U1,40.3853
S1Se1,10.342
S1Sn1,30.9299
S1Sr1,32.1663
S1Sr1,20.3678
S1Ta1,84.7144
S1Tb1,43.381
S1Th1,31.0218
S1Ti1,62.2743
S1Ti1,88.9573
S1Y1,42.5635
S1Yb1,42.1732
S1Zn1,34.8387
S1Zn1,35.6595
S1Zn1,36.0505
S1Zn1,34.5538
S1Zn1,35.613
S1Zn1,35.4667
S1Zr1,52.2841
S1,4.137980000000001
S2Sc1Tl1,26.9692
S2Si1,19.3253
S2Sn0.33Ta1,42.5838
S2Sr1,27.4717
S2Ta1,17.5927
S2Ta1,19.5886
S2Ta1,17.2807
S2Ta3,70.7928
S2Th1,29.2936
S2Ti1,41.5977
S2W1,26.9516
S2Y1,44.5436
S2Zn1,40.5086
S3Sc1Y1,33.1475
S3Sn1Sr1,24.5589
S3Sn2,11.4279
S3Sr1Zr1,35.892
S3Tb2,41.9126
S3Th2,39.8772
S3Y2,40.8741
S4Sc2Zn1,33.89
S4Sn1Sr2,14.7399
S4Tl3V1,9.52593
S4Y2Zn1,30.2745
S4Zr3,15.8185
S7Tb5,37.7681
Sb1Sc1,34.7667
Sb1Sc2,39.4605
Sb1Se3Tl3,6.62033
Sb1Sn1,14.8124
Sb1Sn1,22.4175
Sb1Sr2,19.9598
Sb1Ta3,76.0978
Sb1Tb1,35.3272
Sb1Th1,25.6615
Sb1Th1,26.9153
Sb1Ti3,44.7414
Sb1Tl1,14.2729
Sb1V3,74.9384
Sb1Y1Zr1,38.6074
Sb1Y1,34.4787
Sb1Zr1,57.6057
Sb1Zr1,57.6288
Sb1Zr2,30.4691
Sb1,18.0475
Sb2Tb1,30.1357
Sb2Th1,28.8531
Sb2Tl7,7.478339999999999
Sb3Si1Zr5,71.3399
Sb3Sr5,19.9125
Sb3Tb4,31.9632
Sb3Y4,31.6087
Sb3Yb5,26.2868
Sb4Ta5,37.1025
Sb4Th3,40.816
Sb4Zr5,46.8478
Sc1Se1,33.1969
Sc1Si1,67.0115
Sc1Tc2,30.032
Sc1Te1,29.7538
Sc1Te1,28.1831
Sc1Zn1,45.4127
Sc1,33.319
Sc5Si3,69.4282
Se1Sn1,28.6256
Se1Sr1,26.8958
Se1Tb1,28.6916
Se1Th1,50.7708
Se1Ti1,26.4639
Se1Tl1,4.1583
Se1Tl1,10.4321
Se1U1,25.2334
Se1V1,42.0109
Se1Yb1,33.7127
Se1Zn1,27.5384
Se1Zn1,28.1278
Se1,1.65057
Se2Ta1,15.2175
Se2Ta1,15.6008
Se2Th1,23.0695
Se2Zn1,29.5632
Se3Sn1Tl4,15.2762
Se3Sr1Zr1,24.1373
Se3Tb2,34.6457
Se3Th2,34.1569
Se4Ta1Tl3,7.30807
Se4U3,27.3287
Se4Y2Zn1,23.4913
Si136,37.1295
Si1Sn1,35.269
Si1Sn3Zr5,70.9438
Si1Sr1Zn1,39.3132
Si1Sr1,30.2479
Si1Sr2,17.2619
Si1Sr2,17.9959
Si1Ta2V3,61.7074
Si1Ta2,103.417
Si1Tc1,111.018
Si1Th1,44.7847
Si1Ti1Y1,58.3351
Si1Ti1,87.4728
Si1U3,24.1499
Si1V3,63.4057
Si1Y1,66.3836
Si1Zr1,93.4625
Si1Zr1,94.0489
Si1Zr2,87.9714
Si1,60.655
Si1,62.5077
Si1,64.3158
Si1,46.9232
Si1,54.3406
Si1,62.0702
Si1,36.5569
Si1,45.9163
Si1,41.232
Si1,42.1507
Si1,45.6686
Si1,37.3386
Si1,62.3888
Si1,55.9546
Si2Sr1,39.1958
Si2Sr1,30.392
Si2Th1,29.1183
Si2Th1,33.1614
Si2Th3,50.0323
Si2Ti1,100.895
Si2V1,142.40200000000002
Si2W1,186.315
Si2W1,145.092
Si2W3,79.1293
Si2Y1,21.2651
Si2Zr1,95.607
Si3Sr5,22.4177
Si3Tc5,105.605
Si3V5,110.243
Si3Zr5,80.5935
Si4Ti5,87.62
Si6Sr1,48.8636
Sn1Sr2,14.3915
Sn1Ta3,27.6558
Sn1Te3Tl4,14.8914
Sn1Te5Tl2,9.17845
Sn1Ti2,49.7437
Sn1Ti2,48.7391
Sn1V3,36.2693
Sn1Y1Zn1,43.1132
Sn1Zr3,33.3977
Sn1,20.2679
Sn1,18.3622
Sn2Tb1,35.0095
Sn2Th1,37.4794
Sn2Y1Zn1,31.7824
Sn2Y1,34.8271
Sn3Tb1,13.9367
Sn3Tb5,42.8431
Sn3Th1,13.5011
Sn3Y1,13.9596
Sn3Yb1,23.9784
Sn4Sr1,11.2146
Sn4Th5,41.0495
Sn6V6Y1,70.9229
Sr1Te1,13.1179
Sr1Te1,20.1021
Sr1Tl1,14.0896
Sr1Tl2,15.8846
Sr1Zn13,49.3917
Sr1Zn5,25.8666
Sr1,5.39757
Sr1,5.09916
Ta1Tc1,133.357
Ta1Zn2,91.5575
Ta1,62.5806
Tb1Te1,22.6288
Tb1Te2,27.0171
Tb1Tl1,16.5079
Tb1Tl3,13.482
Tb1Zn1,31.633000000000003
Tb1,23.0423
Tb1,25.8364
Tb2Tl1,22.8225
Tb3Tl5,20.5789
Tc1Ti1,61.0762
Tc1V1,125.422
Tc1,133.49
Tc1,141.58100000000002
Tc2Zr1,17.6828
Te12Th7,28.064
Te1Th1,52.973
Te1Ti1,16.2983
Te1U1,41.8126
Te1U1,20.2422
Te1V1,33.0608
Te1Y1,22.2708
Te1Yb1,23.848000000000003
Te1Zn1,17.5261
Te1Zr1,55.4379
Te1Zr1,46.0616
Te1Zr1,53.1216
Te1Zr1,49.5998
Te1,7.59925
Te2Y1,25.4022
Th1Tl3,18.2616
Th1Zn4,46.2951
Th2Zn1,21.5134
Th3Tl5,24.6213
Ti1Y1,24.0872
Ti1Zn2,64.8063
Ti1Zn3,41.7624
Ti1,63.5361
Ti1,75.3594
Ti2Zn1,60.7661
Tl1Y1,16.3247
Tl1Yb1,11.5492
Tl1,4.34377
Tl3U1,19.2436
Tl3Y1,11.8327
Tl3Yb1,9.70633
U1,51.3005
V2Zr1,5.54523
W1,150.536
W1,123.135
W2Zr1,86.5601
Y1Zn1,29.2814
Y1,28.96
Y6Zn23,39.1011
Yb1Zn1,24.8017
Yb1,9.05585
Yb3Zn11,26.101
Zn1Zr1,46.007
Zn1Zr2,32.146
Zn22Zr1,52.0888
Zn2Zr1,58.8787
Zr1,35.9976
